UserID,Item1,Item2
1963,1503,2798
5951,1098,1511
1254,366,3523
2738,1546,197
3527,406,3527
1169,2409,1264
3496,3666,500
1684,109,848
2968,1568,531
657,1642,2446
4876,375,1948
5052,2459,1043
4841,1503,1095
1647,2935,639
727,2577,1555
1160,3484,733
3851,1291,3249
3551,952,1900
384,223,2458
3046,3098,2411
1775,896,320
4113,3415,142
3967,880,90
156,2836,3390
4840,745,307
3912,3668,3671
2547,1462,2507
5293,2936,531
4036,1486,170
3286,1689,840
3627,2445,951
1749,1391,602
4862,1308,312
3563,3110,2032
1814,1152,161
3757,40,3635
102,3523,1759
3497,135,776
2479,3675,287
5450,3373,2705
5296,2697,926
2853,244,2348
5124,1154,126
1367,647,3500
3390,675,2870
4967,2640,1268
1589,995,1486
2386,2240,3016
1374,1934,2107
4057,3618,2102
5184,1880,2793
1929,634,2175
1932,3096,2054
4313,2433,2582
2761,3208,276
5190,2080,510
5408,423,1974
3048,2700,2326
31,2754,840
496,1857,3274
1021,28,1958
5541,2263,1603
1226,3370,538
1950,109,1253
2178,2270,2214
2598,3429,2099
520,221,479
3723,3429,963
3399,2641,532
61,3015,829
4092,299,2422
2170,274,1268
3894,1130,2402
5485,723,287
1603,2626,3020
1866,1922,3125
5703,829,2248
4024,290,3226
1710,287,3390
4369,1892,647
3607,3200,452
1607,1596,28
595,274,3604
1157,2986,736
1723,898,1596
5031,1918,3450
1616,90,726
3930,361,1265
3571,1284,1438
3605,2246,2738
5101,2909,630
3333,37,366
2822,2538,1486
1967,1323,2701
5568,129,433
931,1856,734
3471,3600,780
85,405,3216
1133,562,986
949,1611,1874
4723,1332,1227
2650,500,781
1303,1331,1109
439,2261,2935
4627,420,2032
5163,1304,1438
2223,2380,1079
357,2246,1212
129,1679,2993
4525,3390,3118
2177,1622,3216
5312,237,1662
4714,2731,1748
3874,2764,3651
655,2603,3616
4955,258,290
5698,915,2410
1375,3321,2935
5484,104,50
5492,1507,2587
3854,995,3151
1158,2697,320
4296,3008,1607
113,1707,1608
4966,1333,2407
2591,18,788
361,2586,550
3344,242,1986
1413,1096,726
987,540,2282
4848,320,2254
4655,2138,2080
5844,3008,1240
1393,3433,1904
1872,2430,548
6023,2320,307
5972,1630,641
694,641,2270
3028,2272,3154
1207,1253,2816
2041,1584,1095
2400,3532,2590
3989,2582,1594
2323,3346,1577
514,2520,1068
5975,2624,673
3982,114,1708
3927,885,731
2290,2241,1982
2071,1096,2998
2447,3595,1880
448,3299,50
1242,3574,1589
2507,473,3072
571,127,3020
5505,2531,1869
4137,1595,1094
5135,3301,2796
256,463,1253
935,1693,3581
4439,3652,1444
4102,3408,2379
1863,1639,838
4236,1230,2002
5893,2410,2518
2683,3367,1653
2544,1529,675
961,127,1338
2562,1271,1862
5389,102,1614
5838,2664,81
583,3037,3163
4368,1669,1707
5054,3675,3154
2248,2012,914
2339,3549,2233
1178,1095,2353
2518,284,1708
4026,302,3342
4833,2013,1053
3500,1146,2625
2455,1611,842
2624,199,1886
2427,1128,2661
1643,175,1661
4210,1617,1708
4734,2557,3240
1940,532,2453
5454,463,1190
1215,782,647
733,406,308
1673,3544,2433
5914,2039,2863
2037,1172,557
2152,3672,57
6036,199,367
681,565,652
4444,3207,241
4607,1994,3678
5834,2020,1577
5778,3238,337
3262,2083,507
2405,2566,3309
5411,2971,2408
3208,3145,2462
2348,1695,925
3044,192,366
3540,3104,838
5133,512,1833
2619,2595,453
446,366,1708
4719,1862,1307
2006,700,3635
3151,3005,3431
1016,1642,2681
5884,2524,1263
2137,1522,1117
3546,3402,2430
4298,1310,3605
5149,3040,2983
1276,3126,2285
3881,1536,2431
4085,2673,42
1302,3335,1784
2409,1003,73
3766,361,1546
801,2282,2524
2458,2282,678
4629,1907,3598
3687,1218,2913
2984,2102,1706
2328,2459,3335
5169,1829,2752
481,948,383
2307,964,1631
1002,240,2530
3525,2400,2379
1253,641,2397
2075,313,2452
3520,884,269
3681,3435,400
3618,1357,821
5714,2324,828
2151,1931,2110
4919,1487,1011
4174,447,2697
3242,47,1253
5032,161,3666
1580,1828,3635
3111,406,2419
5350,2897,634
1129,3390,265
2147,1069,287
4855,1164,2019
415,909,1669
489,2774,2780
891,3373,1388
275,2899,986
1763,3532,1234
1829,734,1749
1257,2656,1872
3882,841,3695
137,2102,2419
17,3689,2812
4023,948,1953
1843,313,1642
643,2458,1117
5225,2983,1802
5106,1331,213
4622,1360,2901
5851,431,1041
2563,1290,3069
1850,337,1371
4517,3005,405
3544,919,2183
660,2211,3523
2966,1214,647
5765,3640,2931
289,3223,1338
2884,3595,1670
4094,3652,1053
2336,876,3635
5130,1723,2919
827,2996,1961
1622,602,587
3011,127,2582
2789,639,3023
1134,699,2560
351,569,2058
1851,3062,1095
2069,632,3079
5140,736,967
5739,2110,125
5653,2993,574
1641,1253,3146
1386,1766,479
3584,2491,476
5561,1075,406
5943,3117,76
5364,2445,2467
1338,3180,1019
4839,1522,1210
4028,2490,2718
3409,471,2440
2,3288,2453
4875,1856,580
5953,3124,3666
2039,2112,846
4736,1078,3112
1470,1892,3666
1518,1874,266
4640,2609,3062
671,2748,1310
5470,857,59
304,52,1601
396,261,3069
4760,726,1308
5269,3666,1190
981,2282,1996
4947,329,3618
560,3249,3567
1579,773,1037
3581,1900,1891
1301,1577,122
445,3086,3684
5747,3398,638
2774,3697,641
5488,222,3668
1232,1849,3476
2181,2386,1492
3586,2518,6
4793,1502,3062
4822,423,161
3698,1618,1768
2577,1350,2862
1390,263,2604
472,1557,3238
5768,2911,1172
1055,679,91
3919,25,3532
3178,3337,2407
4007,1661,1630
5013,1538,318
3386,773,1809
2742,320,2058
4421,249,60
3198,2400,1424
5613,2262,1910
2466,2141,918
3798,3666,948
5062,3392,3405
5196,15,2512
5799,2102,3238
354,614,340
5381,2407,2815
1404,1694,542
1330,1620,3239
2909,1241,354
5996,1402,3334
1776,2602,734
5000,840,1319
3816,358,2760
1791,1975,1654
2257,1332,3392
3983,3625,582
3136,1800,383
4942,1439,3576
5907,3217,3155
5170,926,3150
3990,405,3214
104,3267,2850
2446,3666,3249
2623,3671,2099
426,1099,1584
796,1642,3127
5532,3142,3398
2512,18,1524
3486,406,388
5115,1872,1670
808,3668,1639
4438,3669,127
4121,948,2643
1835,2432,948
118,2220,2047
3342,1002,838
2802,319,448
3634,1546,736
586,2534,1642
6019,1037,1034
2109,925,2987
3974,1535,1729
1040,776,557
3063,1112,2080
2480,3687,6
1933,1931,540
353,2246,606
2525,1062,2830
2638,2318,2407
3361,1439,129
2093,1078,2772
1391,3476,1630
1825,1348,1553
52,538,833
2482,621,3373
1298,2777,767
1467,421,926
3942,1144,520
5161,2914,743
2814,3614,85
754,3407,2010
5297,3694,3522
2132,3018,2375
1354,2587,838
747,359,222
2724,1086,1657
5373,565,512
410,37,833
2981,3091,2257
1537,152,2815
1201,299,1341
4186,775,222
661,3418,218
3484,313,1304
3677,1596,1661
4878,1831,1486
2095,2909,533
648,3541,2889
1154,2814,814
5563,3090,334
2628,3023,1603
4379,1224,1323
2417,261,2570
739,3689,50
3282,2936,3652
267,2379,1486
2255,1900,669
2861,1611,391
5316,261,2934
665,2660,1953
1674,538,2919
5686,2993,1876
5784,249,2830
1533,3018,3178
698,602,405
813,2167,3381
1619,2682,3523
3997,2577,220
1646,3346,1695
551,1584,2959
5553,2075,2353
142,2353,1883
2825,1176,428
4179,1151,1553
3878,297,2121
4252,538,8
230,1876,2380
5203,2806,1338
793,639,2448
877,3346,565
2515,2936,874
3805,601,698
3457,558,29
3968,3119,3687
2866,2458,1883
4263,2445,1784
5565,3231,2384
33,299,1310
2292,634,3130
5924,1986,2907
1408,2592,3214
3013,1900,1693
5673,3523,1524
5093,1759,782
1557,241,60
4647,3523,3209
147,538,1884
1650,3321,29
4486,2411,1037
2010,924,3118
3022,840,2333
246,2812,2088
2924,1934,1344
93,1268,3224
4729,1397,2246
522,2246,2333
2416,2681,299
3142,3062,279
1454,405,433
1022,1439,676
4318,42,3223
220,859,2261
2060,931,1743
3759,1629,3675
467,1381,49
2729,170,3144
1977,28,675
2998,3554,2656
5865,1099,3137
3034,734,1113
4461,2673,698
546,3618,3084
791,647,2462
1884,2422,3106
4542,1,1996
480,2935,1006
4868,3301,313
1185,2043,2102
4561,678,1
861,803,1914
2509,3604,3423
4462,1642,795
5412,580,3299
5435,299,2380
1167,4,1807
2777,3150,2333
2494,585,1387
3273,195,625
4062,3476,3187
770,161,2218
1326,2842,1071
189,3528,3198
1443,1361,3145
2618,1167,3587
688,307,3274
3833,2865,3263
3072,3165,1183
547,3224,2824
3637,707,313
3370,1221,90
263,1733,2333
339,3344,1183
2045,3163,2908
1340,2697,2643
4951,2744,3427
203,3564,1040
4078,1,564
1437,2493,2382
5401,2135,3575
5832,3373,155
2249,645,2090
3113,135,531
3189,1965,3062
3740,721,405
4010,1099,3159
4501,733,2470
3315,2631,2846
550,2934,782
2529,2422,3621
1553,1594,233
920,1642,401
2938,2953,1886
5409,2491,2628
4141,406,745
5294,281,706
3420,1784,1253
1826,1095,1132
2699,1723,405
3799,3224,2272
4707,1831,2696
1937,1040,1394
1049,2102,1348
2759,2431,3246
3476,3392,2401
3440,2977,1748
3078,647,1095
4710,3652,1436
1255,1253,299
792,2621,530
393,2357,3174
1678,2491,699
757,2211,25
4194,575,1632
2271,535,307
5117,218,2524
4794,213,1742
1046,299,3154
2049,85,814
2473,3335,2524
4787,838,2810
3744,2444,400
1614,1972,1692
4570,3545,406
561,2329,3681
1314,115,3652
1283,647,2149
3827,684,2445
3945,408,405
5754,1621,494
2244,877,406
5290,1518,1131
1570,3091,3197
3567,2507,1253
302,50,3390
2144,1253,1683
966,1066,3631
1349,3003,1759
5957,3069,241
2403,2013,2895
3648,72,1307
2747,247,331
3168,254,1396
2281,2993,1253
3782,2815,2956
4766,1285,11
2713,1331,369
5804,3180,1565
2667,318,473
1747,436,2717
878,1900,2740
5710,3494,3299
3582,279,1698
231,1095,1784
1029,3476,3145
3580,2256,2730
3564,1584,1338
2108,1694,1707
3761,3652,1071
3160,1244,2984
3416,2010,1503
1246,1650,2892
3363,2028,2447
762,1400,195
1114,200,896
968,1015,2392
2133,1006,2455
4044,773,1183
636,3089,2386
2324,3705,122
4638,247,1524
2756,49,3408
5445,241,81
1428,3015,3523
849,588,2493
1370,3172,2744
2901,641,3346
5189,843,3195
1135,3354,308
2406,895,2282
3489,1828,1993
3600,1557,287
3239,736,1810
2780,127,1190
2471,2475,2876
2688,1252,1175
5658,3018,199
1202,575,2797
3441,884,694
2013,1698,891
4898,1373,3604
2595,2326,1879
2020,3317,1556
5328,1318,2483
2452,2560,779
4852,1972,361
1486,1835,463
5213,1360,1337
3617,2257,1869
5723,14,1200
4314,1772,432
832,1502,168
4946,305,977
4043,1062,2154
2304,723,3605
1745,406,1238
2439,196,1659
3372,406,3694
4933,1528,2357
883,2772,25
5973,226,884
5560,2672,204
5880,21,108
180,1662,3137
3137,1924,535
3220,2433,3062
1403,587,359
5570,1330,2985
5021,1849,2901
1076,3367,447
2112,2099,2824
250,281,3676
345,2304,1424
2579,3461,2453
5475,1083,780
122,2246,2167
2573,366,1910
4603,1953,3666
2337,1502,3228
3883,3297,2450
3649,1777,1278
5999,2794,1203
4204,1522,2445
3686,2110,2718
5374,557,1993
2083,1283,1492
6027,2134,1693
2252,425,21
1412,3062,2793
787,308,2491
3403,2013,1338
4329,1810,405
280,3432,2940
5045,320,1476
3389,3334,3267
2589,449,648
4720,361,775
5654,3685,3093
1965,1136,405
5080,2425,71
5939,3393,1167
4882,2901,87
4695,1503,1784
3602,1972,2249
3281,1896,3681
4845,2862,2401
3300,935,838
934,1630,161
5267,2688,2211
5770,1328,1173
4837,3533,1162
4353,2396,2741
3994,2357,222
3182,324,2453
115,3533,602
1102,3075,697
790,3118,1107
2903,2927,557
4254,645,3333
2829,408,1094
5805,3392,199
5029,32,2564
487,772,3235
912,2192,2298
266,2043,287
674,2401,654
486,3128,3571
4095,1677,2517
3493,423,2908
1321,2524,369
2710,313,226
3210,2282,656
5321,2256,3433
3578,2862,3098
479,135,3405
3904,3035,1618
2682,3370,1784
2091,2175,296
3421,2457,2333
886,2744,408
4361,1053,1319
2992,3587,2141
4914,3334,2803
4518,499,899
1427,1879,25
2371,3314,2815
3490,3329,405
4895,2524,379
2499,3664,641
992,2211,3142
1676,3349,3407
1773,532,2762
2840,976,1833
3791,433,2868
497,2386,1037
6017,2899,814
554,2344,435
2392,1642,1350
2407,2058,3528
1278,2633,1419
1248,3284,3263
3815,931,2889
5138,3700,102
4686,2458,863
5457,405,1175
3562,2744,307
3558,634,3687
2862,1392,1653
2769,3605,1589
4373,2394,404
431,2263,1555
4414,3571,3398
401,3003,3268
5622,3492,37
558,18,160
4478,281,277
5250,688,3062
2474,3106,2751
4891,2135,1380
300,676,1926
245,1002,119
3745,3174,814
2353,862,2029
443,1394,3155
2902,710,3159
2746,3240,2174
3097,1886,1630
5273,352,249
5067,3555,1019
617,2374,1502
5678,2832,2830
1649,1698,857
5966,286,876
5646,1566,3289
1860,943,8
4427,1371,270
2946,2888,3240
515,734,3006
932,3523,2643
5694,1900,1608
124,1071,274
5759,1252,2491
4771,1760,3631
1479,751,56
3134,2794,727
4861,405,2268
1960,2959,406
4448,645,1758
805,2901,349
1577,127,2101
3917,2611,305
5762,1536,3490
744,1611,517
3573,1011,2164
3620,1068,3436
1895,874,582
6038,3522,1975
174,3523,349
3535,3091,918
4625,3604,2570
5264,1772,3007
81,3064,3575
3009,358,3035
4416,644,213
5500,3066,1253
1712,1438,120
2414,3635,4
3132,697,3036
5773,2646,278
4276,1732,37
5883,2783,183
1069,2187,1187
1468,231,290
3429,3634,557
662,3365,57
3623,3353,2682
3217,901,1254
1426,980,3645
2817,2704,1835
1039,3335,2898
2205,2578,2740
761,773,1
1583,320,3009
6014,240,988
3519,189,3112
3498,397,3337
1104,2625,1352
2694,2312,1595
5059,477,1953
4815,772,1743
5437,3614,2803
2179,698,3032
2117,277,542
3088,2182,278
15,2,1339
5066,2495,507
1608,2830,433
4434,2681,2530
5504,2016,761
1973,2883,1907
4009,2393,370
3437,2707,840
693,2291,2614
47,449,3150
1677,3449,2335
2858,1729,3028
3857,325,3489
1708,2582,281
227,1342,2861
2364,1653,967
3375,2971,859
1762,339,1872
4943,3041,164
3277,2458,1308
946,1910,102
382,1506,2524
4380,3497,2830
537,1376,405
1827,1075,1629
2586,629,299
2092,377,3701
3696,3687,3113
3381,2765,406
3394,3246,1130
3670,1272,775
2033,1688,1832
3664,1331,1810
5073,1775,1175
4202,2455,2192
3739,1690,2335
2796,2049,3207
1609,733,772
4700,2524,1595
1261,2263,3249
4086,736,3238
43,2138,1889
799,479,2390
4922,343,2936
3431,353,287
3153,40,1729
3446,2890,2273
1918,3430,1934
2874,1739,2962
5252,924,2946
5846,3668,3349
4849,1690,2005
4597,213,1794
5891,2518,287
3128,2669,1162
1938,3523,2006
3762,1253,491
5036,193,3072
2945,1614,1712
5580,1344,2446
3101,2246,1068
4103,3500,2320
6030,1448,3461
704,1900,85
1901,178,2636
128,538,1594
4336,3240,1153
5968,628,2257
5494,2375,3576
3329,2462,634
721,3118,323
205,2016,1914
4096,1956,1112
2022,2793,3365
5743,1026,1342
1132,1677,1994
4110,451,840
343,3477,241
1689,976,3605
2287,2381,473
2036,1234,1040
816,473,3079
4476,710,1848
2775,14,220
2951,3392,2012
3529,676,2009
2148,1481,1338
2116,85,1253
54,1760,738
3340,1502,3500
4287,3352,2246
2658,2587,2032
629,240,2640
66,3576,240
2776,109,290
5863,2936,3423
109,2789,1684
594,1965,405
4818,1253,2936
72,409,2458
5954,3365,2238
3688,779,959
3597,8,2409
1571,301,91
4512,2803,1229
4879,2878,3335
247,1594,724
690,3295,880
170,2638,3175
5349,602,653
179,2760,639
37,2401,1071
2419,3295,1281
1768,1304,1068
1487,1431,1091
2492,60,274
2367,1926,87
2608,2056,2372
192,2396,2407
3552,2712,986
1562,1752,759
810,161,1424
416,2025,988
3796,1335,1287
663,2798,3549
5726,299,531
5983,18,1886
1153,133,3197
5405,3573,1784
5587,406,299
1549,814,3061
3647,90,1618
4371,2032,1781
3499,1003,2113
2246,2010,1618
4050,195,664
4618,2498,2205
4645,1953,65
3984,894,1857
3102,1833,1037
4733,2682,2448
2398,2326,1907
1660,3587,1529
5299,466,2419
4388,2338,14
3501,287,2261
2762,1111,2815
980,3005,1759
5608,57,2590
4968,242,361
336,738,2324
2058,433,2013
2413,3234,1
1331,3139,1203
4054,1380,708
4196,1926,506
3991,1310,710
5839,2453,1685
3561,1914,3263
2472,2500,3154
713,1071,2920
178,3058,3016
1013,1380,3687
3609,126,2226
1781,2010,1529
5257,2568,1344
1910,638,424
32,1478,763
5997,2487,3145
3818,901,3062
2121,189,3234
1053,3409,3450
539,1181,1253
5171,575,1397
1564,2272,129
5685,2222,1319
4251,3418,1147
1798,1961,2484
516,3085,2241
4659,1930,3651
3400,2913,406
2565,428,2073
597,2015,1339
2541,1715,2165
5369,1264,2101
3619,408,2443
5388,980,3605
2661,995,2705
4385,2616,1312
4774,1872,2938
2434,2246,2261
4673,938,582
5172,1746,1910
2807,3118,2407
1004,2476,2855
4347,1400,412
2355,2453,2730
879,1348,3666
4619,1896,3618
1351,1707,3005
3454,1397,3263
5826,995,131
712,1332,2121
2442,290,2329
1088,3528,682
3146,319,2927
4504,220,3370
1419,1127,2333
2656,243,1730
4227,52,359
705,122,647
2115,223,405
3154,3273,2381
839,2763,2432
3378,2400,1360
5167,127,2744
4447,634,1254
2918,1759,1157
2218,2744,1669
2228,366,541
4177,1431,718
2081,463,1907
3808,3214,1371
3937,630,2013
6021,189,1061
4234,3314,1486
1962,1685,2380
5595,2659,2379
4363,3444,2744
5688,301,2409
4728,2425,421
3849,3128,1702
4513,888,2335
5751,65,1553
73,726,1002
501,939,2324
4091,1900,1253
5268,727,453
3965,2606,1529
313,1253,1632
2906,2380,305
4821,42,223
3831,512,1828
2543,127,1584
2610,2411,2382
1477,2497,1310
4905,2400,2203
2404,676,2205
5806,2563,1307
2090,3429,3391
5061,1579,2324
5249,1063,2423
3337,2102,800
3957,1642,1444
1680,3017,3023
2642,3595,2425
5177,1753,3585
702,3018,556
340,1611,1162
954,962,3394
3068,2734,127
305,3405,542
8,3317,3271
2513,3559,3566
4352,1993,1094
5903,178,2705
5216,3028,1037
397,3545,2985
732,2057,564
5256,644,2987
1395,361,2464
4081,1487,161
4916,109,3523
3021,3500,3667
477,2035,343
2904,2877,3457
784,1780,574
436,1155,3606
833,2602,809
4389,199,734
3418,3112,1900
1422,1173,1759
4017,1642,1076
780,2425,25
4828,1710,1026
2070,3335,1807
4453,241,1524
3685,915,3472
4396,1076,222
464,2386,2009
5372,1644,2476
5158,3670,2538
4684,836,2446
5921,1982,2102
2997,641,2411
1220,2837,3329
2600,2071,242
3830,2427,733
3631,313,1210
911,3224,838
4847,314,299
2448,3567,307
5004,3334,2282
5229,672,1617
3062,1806,338
5818,3198,938
2795,3584,1639
2974,2400,2050
2989,3547,745
4674,256,1707
222,2314,1342
269,1397,2016
3050,2843,3528
4880,127,1553
2207,2071,3353
581,2379,2605
429,2101,2107
2340,1701,3289
4084,853,806
3985,2563,2073
975,281,14
5126,2870,2682
398,1574,1281
1534,2592,412
491,2400,56
381,3666,3150
3166,222,3667
5508,1828,1611
492,3634,1293
848,840,512
5462,2431,3198
2538,1867,829
678,292,2935
3103,3408,2832
3935,962,1662
1524,782,3344
4692,1230,3686
7,1748,1621
2308,428,2401
4376,749,2248
1846,1007,511
4869,109,3280
5643,3486,359
3741,6,2868
5382,1773,3127
4201,1307,2099
4198,3304,3018
1984,2101,1693
3083,1601,1350
1317,1997,1769
5424,842,3064
1717,2863,963
3875,3200,3615
1924,1381,2425
2285,995,406
248,1320,847
1688,2102,1087
3257,352,2313
4402,2880,1828
196,920,2608
3603,1253,60
2032,736,1644
4544,3615,995
364,2295,1550
2937,2913,2697
184,3614,2356
4551,2524,880
4002,1394,1577
4872,1553,297
847,557,788
1186,1502,2868
3870,3145,2386
1951,222,538
6001,790,3154
4230,359,710
1093,223,2990
1916,14,1546
3115,127,848
3553,988,3216
2171,2386,1879
5447,1677,3349
873,829,2888
4243,2793,1171
5925,220,3346
4936,2710,814
4894,1112,3490
5916,1556,3671
5147,406,3689
2956,3687,3685
4153,1439,1461
3040,517,2830
2437,2708,3276
3067,840,838
3860,1140,2462
2982,2789,269
740,3537,1678
5344,2214,1357
39,633,1697
3692,3016,2430
4342,1907,1743
5175,1158,1
3853,1164,1436
947,1512,1068
309,1064,1993
4930,2660,3036
5772,1622,408
5429,856,1677
5989,1704,3166
668,339,2850
5301,1344,1057
4913,859,2238
1992,1071,3297
1152,2580,50
2238,85,60
4931,748,1071
1909,3224,863
4934,2270,557
3635,1189,1324
738,2106,686
2096,60,1849
3695,1436,2257
5707,3110,3301
461,575,2899
2378,2013,1238
5808,50,3370
3488,912,1507
4474,2626,320
1149,1982,249
2173,1705,2217
5303,161,3677
6004,359,3446
5317,350,2535
5738,198,471
2245,2282,1037
5820,3571,463
1449,1725,3069
5465,409,3510
4819,1909,1007
1733,358,3080
2689,1307,833
1459,679,3573
4987,1174,127
5802,1503,3163
908,811,2986
729,405,1264
3127,2707,1618
4288,1239,3634
2678,3557,2768
1124,3678,1568
3885,3522,562
999,301,1749
4907,1094,2110
2460,3003,876
4349,2987,538
4972,1003,2562
5978,467,2832
1917,1396,3263
4500,3429,3127
5143,1957,1529
763,2333,2705
5231,2862,3614
4781,1431,557
474,125,3704
3283,1078,2880
2615,408,3532
4796,199,2862
4193,3113,197
1356,406,538
4042,582,1662
4649,540,2445
5423,2047,1924
5731,510,244
3064,1728,1621
3478,528,1594
788,3062,583
5566,517,2793
2803,3211,564
909,343,3132
3260,2268,3582
1376,1886,305
4749,1743,301
1216,1611,1083
5230,1399,1595
350,2986,2983
2838,3118,2058
3659,2131,2507
600,685,2333
3712,2986,299
1227,127,449
2421,2248,397
418,1062,1621
4753,490,3532
1309,1712,1040
5885,583,2764
673,1508,2657
5683,1911,1534
36,1424,1693
5292,3402,3062
424,3003,2028
5877,533,274
766,1784,2013
1189,1220,839
4550,2431,2868
5795,3500,155
2222,1601,261
1502,781,3567
815,3287,3398
725,1813,183
1879,2146,2836
682,2735,3408
4709,2390,2419
5459,1833,2473
4533,2375,847
2120,60,57
1460,2868,664
4595,1603,2830
5886,1380,2411
1621,1618,3330
517,2652,1894
2395,1736,3172
5629,1577,3492
2077,405,57
1899,3634,406
1613,3098,2422
4441,281,983
5639,920,408
2450,1503,1116
1350,548,127
2653,1858,782
62,1307,2279
5869,170,2797
5817,3627,3523
1508,3171,1268
2593,3595,3136
5104,532,2789
430,463,1329
5572,405,1771
4854,1898,305
2220,3241,1678
1247,896,3127
4667,1620,3267
4912,1589,2023
2370,312,1253
5684,3365,1380
4149,1567,966
3323,3112,357
2849,1095,3015
3229,2768,2793
3268,1833,1436
3237,833,1154
5522,1768,125
2432,298,1360
4519,665,1099
90,938,517
5546,3419,3224
2055,2409,2681
4864,1007,1225
2243,2066,2919
3126,1398,1687
5576,3228,2462
3570,2330,3393
2389,39,2899
1457,1404,3299
5427,3128,2445
4188,1011,1596
1333,161,102
2449,1529,1697
2056,3353,127
2872,1281,1677
325,1756,3598
3079,2255,1785
3398,2700,993
4835,307,260
1217,1630,1805
3963,2993,2229
105,2909,2263
1854,60,3615
5892,1598,1111
4134,406,1281
3084,1461,2632
2456,2796,1611
3291,369,458
4795,549,3567
4977,2163,3248
3579,1419,1912
5548,2862,2163
2988,1321,1705
4253,359,274
4330,2491,3267
1852,313,2673
4981,566,2288
2824,1329,1611
5781,2400,139
4606,1677,2431
427,2920,1556
2242,541,1533
1127,3430,2905
63,1529,1918
659,3541,312
2274,2800,2099
4338,467,2582
326,1173,3314
4554,1659,2242
1514,260,1167
4881,2287,2888
268,712,2333
1656,1344,2165
4780,1277,1872
3356,1095,3652
2551,1199,1459
3673,3137,1594
5125,3608,1237
1815,3694,115
4724,2883,2956
567,2037,1227
4430,18,1349
3338,3198,313
1864,925,320
5917,1628,3593
4637,2818,510
640,2946,439
4211,2642,2557
3447,1693,2010
2134,2382,3658
5679,2836,1800
2666,2971,1946
4703,501,1156
4306,2248,3697
613,1848,1183
5162,3373,1912
1667,1926,2491
4229,60,708
1452,2249,1273
6031,1144,397
1137,1900,2462
3341,644,3208
1496,2393,1385
3387,2013,102
3109,2563,853
2967,1900,3541
152,1396,1487
1031,602,532
257,557,745
4600,780,1630
1047,1174,533
97,1130,2102
2970,1221,676
4983,1076,1684
153,1011,672
1813,1010,2969
2300,1755,3214
2847,1732,949
1034,2304,2194
5419,2166,751
1727,3213,1256
495,3145,1045
5544,2535,1344
3301,3112,2008
5208,3702,1997
5516,1069,2913
3027,406,3387
5879,353,3687
2135,2226,3398
1194,2410,880
3223,1611,609
4892,3187,278
3172,1786,284
4255,3155,1611
5913,3523,1373
2606,2221,2878
1694,3128,3418
4633,192,2777
3343,1566,773
3377,3106,3158
3023,1486,3523
5458,2892,3411
607,3163,3069
2635,320,809
4590,734,2019
1661,749,1117
131,421,3547
3170,3275,606
1944,1487,170
5604,1156,3635
5426,1387,2102
3419,1611,1274
4888,403,2151
1195,630,2381
4527,405,3150
1188,3627,634
2521,1281,1788
2068,1662,2375
2569,1662,3346
2763,2697,1360
2693,1098,220
5631,814,102
2651,1071,2513
5669,840,2473
4537,882,1848
38,2447,2025
3742,776,274
87,349,2107
513,1833,3235
809,3240,917
4286,49,1003
2994,609,290
3995,3284,3437
4558,281,161
200,3148,3414
5911,3196,2998
5358,325,1584
5102,1661,371
2740,3112,1224
4279,2506,320
1811,842,2908
5776,512,3005
1635,3224,3158
812,3127,366
1130,971,2632
957,406,2830
2294,1738,3550
3141,2827,2348
5131,1684,930
4191,2308,2529
2681,1869,935
1451,701,3477
3632,2862,968
5022,1286,2257
1366,3604,1611
3811,1553,538
186,2832,1985
2185,3585,2765
2779,1719,3062
1671,473,453
3479,901,1886
5110,1386,982
5827,1661,1972
5468,2330,135
1886,3667,1723
4240,1772,566
383,604,1892
5228,1684,1869
1119,595,1438
3988,3504,962
3455,1858,425
967,3124,2475
2980,1858,1642
2959,2043,3467
3473,1653,841
4885,1794,1037
2574,1130,1336
5392,2107,449
4285,2013,313
4390,3209,476
166,646,1584
1970,3142,1967
4798,1768,1785
528,1081,3287
2616,751,3576
3676,1559,3163
3931,1926,538
3428,2193,1557
1956,875,3104
1943,1146,195
2333,449,135
3029,2115,3446
4505,540,838
1586,3319,565
5680,1642,1825
2391,2119,654
2886,2582,2447
4302,1476,924
454,2028,476
3713,2632,962
4354,681,2240
4773,2639,2986
5377,2530,193
4351,740,2382
1833,3016,476
2030,1900,3303
542,1872,3253
4702,1743,632
1888,2730,1872
4205,3081,986
2783,1872,1341
948,531,2088
5780,1922,127
2503,1546,1892
706,473,1462
3760,1896,3635
5239,3289,1833
5407,186,3428
4150,3112,170
4675,1162,905
3302,2056,3035
2706,2450,3249
4752,2832,1819
3466,3312,2705
1106,3486,3063
2558,1423,56
3978,1213,1529
1463,299,2261
4579,2473,1695
5332,2190,3001
3294,1555,1787
3550,1768,4
5048,244,2765
1294,860,1037
2605,920,2110
4420,1529,1740
2239,1167,533
437,2946,1469
1530,18,1075
685,1993,2071
2726,281,1381
5464,1900,1684
4915,1723,473
2736,3054,271
3306,1577,1439
5402,2664,413
3852,926,2852
4732,2524,240
5186,935,3274
4131,602,2883
1819,2000,2375
2806,417,2675
866,52,1441
3693,2682,606
3726,1331,290
5334,2584,3635
3120,939,621
2059,2783,1614
6026,449,1285
1816,1877,2815
2270,811,858
2009,3477,1465
392,3128,2407
5393,634,1993
588,1113,1900
3998,62,2400
5624,1910,170
2199,767,2570
4524,3037,2744
1415,3187,1564
2085,664,2814
4400,1585,2796
4365,2305,3085
331,814,1990
1922,1712,1046
5012,860,494
5528,3128,815
4511,3666,3573
5499,1128,3102
4569,3301,2080
4583,896,2718
1282,2257,838
4969,838,281
468,2815,3106
4328,79,3476
5238,2116,315
4807,1934,3125
1214,2375,3118
3887,1909,1601
3545,1759,288
5015,1556,1601
2050,2567,1438
2585,349,3431
1946,164,1653
3054,986,995
846,2282,2046
5139,1619,794
800,1611,3164
1003,1832,3640
2468,408,2783
4763,3423,1955
5674,408,1957
4223,606,770
5442,457,564
1182,1784,2986
1265,1900,2990
4030,814,1186
2943,3063,3180
3259,2935,242
3287,129,1677
162,49,1834
2717,1555,3669
1032,423,3390
684,639,1397
1892,602,281
794,3238,2796
3483,265,2931
3844,291,781
2226,1227,575
5691,962,3349
5842,2582,3185
3877,996,1255
3506,1622,2531
459,3625,2267
1096,1788,1598
893,1584,1097
4866,2518,2532
1300,183,1918
1083,2504,1380
5790,2783,3574
4047,3290,3332
1173,3079,1888
5960,1833,3532
2739,1500,374
53,3354,2701
3024,3411,2151
3615,1280,2462
5706,449,1235
5164,157,3003
798,3689,780
3775,1435,3227
213,2160,1154
2110,1190,2287
2155,854,1433
5727,1622,639
391,2476,814
3221,3098,697
5471,517,788
616,1348,3345
373,2739,3571
3788,1185,1662
3641,2339,1338
130,3195,604
3053,3337,718
463,870,838
5571,1261,1239
2054,3605,1207
5787,702,2229
3176,2086,968
4494,2112,54
1568,1254,958
2302,1569,56
4658,65,2673
5909,2308,2407
3367,2993,3127
2198,1431,371
4553,3474,2846
576,1898,1913
1037,2871,281
4696,249,2892
1939,2805,3195
3933,1825,2643
695,2532,450
3837,412,56
2809,60,2005
1591,3646,2647
1729,1810,2608
4632,3019,3009
5058,3614,2744
689,2192,1089
3348,1815,2815
715,3373,3536
5593,3072,1529
5657,1438,3435
5001,3614,189
482,541,2431
5734,2205,962
5749,1965,2380
3848,1384,408
902,1380,964
4029,751,2656
4937,2754,745
1281,2711,2254
4471,1639,449
901,1313,3062
2496,3335,2951
4238,1117,1759
1205,40,3571
1221,1080,1190
508,1982,706
417,604,1447
2051,775,467
4681,751,3211
465,1310,896
5807,2371,1986
3661,508,3171
5232,1747,3197
3768,2462,320
3434,710,1428
2787,406,3671
4817,406,877
25,1874,1703
2383,3373,2282
5970,1953,2035
5460,2246,2446
3866,3381,2333
1009,2010,788
140,3373,281
319,951,745
2975,254,14
3174,91,307
4337,1002,1677
60,494,1203
323,1431,2696
4908,1003,1689
4909,1430,241
3098,933,2627
1507,3424,3260
842,1111,1324
5926,577,3585
3135,3127,1662
795,3564,3268
1705,3186,2390
5089,751,2567
4778,240,2432
255,2985,3500
1327,287,1875
2231,2860,681
5406,2880,75
3417,274,1423
5298,3573,151
2685,1171,1524
1882,3151,1173
4297,1986,2608
994,1253,641
1358,3296,708
283,2705,3349
3225,2862,2254
4218,2394,1095
5559,3180,298
3889,580,3667
4980,3523,645
210,3634,3050
4535,388,460
5329,1003,540
4034,2073,2379
779,290,845
5755,1704,3665
530,2326,3053
1980,1460,734
5803,1907,1453
4731,1190,40
3459,1527,3681
4705,2324,920
5439,538,2830
3339,1695,2407
3521,1899,2697
3188,314,1707
1588,2088,859
3415,3640,1603
2374,1221,1730
4301,2705,2101
2145,2936,3429
759,1584,1289
1512,1187,320
826,3230,3288
5472,1286,3026
4176,1753,3023
1545,1075,1056
3207,2375,3263
2662,408,2919
1672,3214,2913
4107,3484,3408
5217,334,2821
602,814,2888
4508,1820,241
3839,1438,2637
3656,2124,2007
3583,3085,3528
5007,2699,2137
5969,241,3062
2254,539,2332
2735,2246,2388
2042,759,3107
5384,3698,629
4935,962,1461
1377,2417,319
3256,3497,149
3822,934,75
3163,2432,2757
5605,242,3321
2877,2112,982
4932,1128,1432
2708,1239,405
2741,1907,3176
3236,1923,2099
3278,2380,2016
3585,223,1771
3753,1096,2772
1306,854,1662
3010,1692,3667
679,1156,1990
5251,2705,1558
5995,3223,3246
741,3319,557
1740,380,476
5324,3163,60
3131,2697,1083
4006,1153,3233
450,408,2744
1981,859,706
3325,2602,2158
1392,764,1567
1057,638,3538
3077,2022,726
5247,2570,2760
1670,406,1591
286,2102,305
3518,170,1621
4433,448,359
1855,1190,3172
1893,2990,1203
854,299,3110
1409,3268,1775
425,1045,1849
2149,3666,1432
3197,3444,391
1355,258,638
5615,2436,2980
4959,3329,2010
612,3234,1872
4115,1424,1246
2250,115,986
1141,2956,2483
4859,3062,1791
3835,982,287
5763,32,1934
2477,1870,366
4016,3351,2028
3707,1662,3299
2660,2758,366
4757,1588,1201
3410,2640,1357
5097,2205,1900
3724,2227,566
236,3062,1712
2277,918,2261
5016,2980,1147
3932,2993,3217
2344,2029,1918
9,1171,339
5590,1305,2901
4443,3476,851
2441,734,2796
2679,2706,3124
4130,1236,2050
4391,2402,3547
2941,1906,1492
1179,60,2491
1352,2231,3390
4468,320,3103
1405,3605,809
2944,1486,1190
5705,1868,2763
2530,2697,463
3451,2507,337
4248,240,532
5829,2028,1311
4122,3527,260
4747,1484,1224
4142,2407,3367
5675,1630,2183
4449,2077,3215
3209,2797,1040
4560,639,532
5418,3604,2099
1011,3333,1307
1875,2375,8
2631,1368,2388
4158,383,3476
4206,2959,1631
1095,1959,299
936,2313,1855
5697,1987,1225
2278,647,2301
3117,3626,2532
3783,3604,1201
964,1360,3226
1100,531,2220
3016,648,2994
1513,3062,1199
5206,734,3246
1466,3146,410
4323,734,2697
226,218,361
3148,3127,2070
5809,3318,281
4225,2990,1670
1652,1385,169
978,2411,1895
5129,1183,3673
1659,2803,1874
2850,2375,334
2892,3296,1371
4671,412,3208
3920,307,899
2896,320,2223
2141,1992,3276
2352,1310,3666
1062,2765,2660
875,1068,3214
5085,1190,324
5881,359,2016
2072,276,833
3385,2936,749
906,2416,3698
2727,3208,1185
995,1461,6
5039,405,2394
1396,3334,3163
5443,2060,645
1450,917,1128
2102,3354,2664
1567,3652,1534
4459,1807,1156
518,428,3150
3924,2192,3128
3274,3003,583
4151,406,538
4827,1220,1874
3966,1820,3214
4548,2397,226
4013,1384,243
2764,1677,3147
3014,3667,3118
6012,6,512
2973,342,3015
4711,763,2193
3715,2246,1583
2732,241,6
3092,1692,2282
2087,1972,3146
177,3148,1670
3836,1014,838
5922,3215,1153
573,3012,14
3358,2953,1075
299,3432,3200
5469,3129,2578
1751,1661,2228
3940,718,838
4372,35,634
349,1041,3571
5425,1726,2102
4232,2400,1002
4431,1066,1772
836,2570,2830
2643,1860,895
4327,1005,2178
4708,1604,845
45,696,3627
440,2073,2241
3751,549,2118
111,459,3146
1272,49,1987
5099,532,3003
1665,481,826
5041,2763,1385
4851,2749,1338
71,2920,1752
3699,3154,2466
2125,1726,995
4742,1601,469
4172,2419,476
1785,220,2803
5798,1225,3575
3999,406,2032
5323,1524,2054
4896,3675,3352
1949,1522,301
5940,1308,209
3157,3062,2676
1018,1946,3405
2665,2901,3541
686,452,3373
3167,2951,3125
5165,2527,1
4596,2491,2983
3202,2697,1849
265,2557,1424
1293,183,3533
5288,641,3279
5852,2840,3332
1942,296,1953
4001,3373,2263
1542,2379,1659
1082,603,2425
306,406,2603
2520,1317,1003
5821,3500,2580
5367,1595,3444
279,490,3423
4294,3112,2880
1504,1438,2211
4495,3541,1511
4797,1162,558
2832,1529,2936
1645,14,1360
977,2047,1172
1572,1047,1004
346,3374,2524
4031,2652,1111
553,1483,1307
5630,3444,942
4100,174,535
4108,2375,3117
2963,952,1557
2556,2827,532
5376,767,260
5702,634,2339
565,1833,1014
262,532,3214
2614,654,310
1056,3698,726
5075,331,403
5822,3415,911
310,2333,855
3303,1712,297
4051,1428,2090
5936,223,3687
5084,3209,859
4417,201,1832
1225,1424,1190
3408,3423,152
2927,226,3301
3481,127,1239
5397,3266,2407
3972,2060,3350
5354,2205,2381
1035,313,732
5210,541,814
506,1203,776
6002,241,538
1891,1957,2555
1251,833,639
2870,1921,838
59,1767,127
1574,278,2063
3939,1560,867
3149,3640,1524
4636,828,3354
2782,3673,1003
1653,1776,2641
2792,2240,2587
5451,3671,1794
5905,1594,313
777,25,349
3868,398,2693
155,980,630
2990,1760,855
3847,1152,895
858,948,671
3318,2462,299
2603,1349,557
46,2602,3373
5938,453,3400
50,320,3015
2161,1698,691
4123,2766,811
3199,2643,786
5236,3537,292
1828,2333,1075
3539,2276,244
531,2218,3233
1204,2744,406
4543,14,1387
146,1116,2638
4283,974,1287
880,541,3437
4850,3444,2359
5387,838,2621
1563,2892,2993
1536,1553,2609
1027,298,614
5537,1911,767
2066,3015,2936
4961,710,781
622,3673,2626
223,2986,3230
3005,2491,814
2841,3117,129
404,1629,1310
4886,2656,2468
3871,1498,2220
3465,2379,1930
742,476,135
3575,2431,2344
1765,782,937
4470,2652,1782
828,314,1946
974,2768,1487
2531,3064,895
3541,2241,1397
990,1524,371
917,2491,3675
2899,2016,2730
3732,2973,3255
4226,3369,3666
1346,359,1900
3690,782,1611
400,3151,2476
1344,2030,1361
4899,1438,1130
4305,1503,1693
369,3088,1171
4488,281,2793
1599,2431,361
4497,1809,2304
1726,1535,1907
5864,847,1023
1683,3555,1158
876,60,2867
4163,1019,3436
4538,152,183
3576,3687,2704
1741,1200,1639
2305,982,3005
1658,1965,1164
3456,1848,2637
1546,1888,900
4018,1938,2073
79,420,1330
2379,568,2214
2718,2889,3016
5923,3324,1631
4901,1611,1661
2965,3636,648
5946,2840,2862
3642,3118,1201
4437,2111,2194
6007,1307,2530
1368,2016,745
835,60,700
5122,1011,60
734,2110,1598
293,3671,2181
3177,249,1320
2952,2458,2192
4802,405,1361
3814,2261,1075
466,40,1462
5394,2074,2709
1997,2880,1743
5330,49,127
5965,539,2450
699,1594,550
687,406,1553
802,591,483
2299,2936,1003
4574,1577,2608
1348,2411,1397
4228,773,129
4903,309,3402
1697,2107,2288
2094,828,1835
2076,2248,127
4269,3246,3509
1020,406,779
1092,3604,25
951,2272,406
3219,2248,2524
2540,2462,1833
2954,255,2471
412,3535,1772
4452,2073,2859
5908,2329,129
5307,3689,2789
3524,3246,1438
3038,2246,449
4568,91,3028
1065,749,423
6032,3422,3117
3626,3595,3314
3771,3058,2524
5721,3429,1066
3462,2102,2802
4546,565,2255
2597,2430,2605
5562,1462,3564
1617,2102,540
1067,2985,126
1535,2149,833
1734,2665,2409
1529,557,2858
5278,2248,1529
1898,3652,1630
2514,2827,220
1732,2599,1782
201,1692,1997
1156,491,463
2799,2462,1768
5098,937,2220
3951,2288,2419
1809,451,1831
2431,3625,2643
376,2984,312
5529,2335,1704
4605,2880,700
2856,1201,1462
929,565,1986
996,3244,3698
633,500,736
2027,3604,3115
2576,1011,1996
3235,91,2861
543,143,2870
1287,3068,1874
1510,285,2304
2999,1237,192
919,1791,2090
5035,3689,1986
274,3138,2524
3976,2699,647
4359,324,1253
5918,406,2088
3703,2986,1253
962,1037,689
5850,2977,1601
2318,3667,3373
3601,3297,1469
1103,3523,1484
5361,3544,1227
2165,2745,460
614,1661,307
2955,307,375
3035,2602,2099
44,3334,1892
822,2167,3118
348,633,1725
240,547,2133
5868,2101,3342
2908,1598,1693
4077,3290,2980
4138,2532,1002
1648,1087,1972
1919,565,3635
2926,507,1771
2169,1432,3415
2258,2014,2107
5888,641,511
3504,512,745
1675,277,1683
1174,2830,1397
4140,1458,1129
642,1253,8
2690,3317,859
2934,1693,946
2511,3532,995
5920,2254,2654
5153,3020,1117
1543,1888,2073
4523,3667,1435
2948,3522,1071
4357,2721,2408
1998,3667,3561
5867,2751,1874
2360,2047,582
4599,3393,2019
4580,557,2411
5974,2861,3465
3485,3423,1253
2855,2087,1616
1538,2044,1221
3056,1820,3211
2289,2880,2560
1289,506,994
5042,2491,2710
2983,576,1285
4317,634,1172
2411,1631,1670
5591,3689,3190
5737,3374,2466
587,2608,2074
193,1075,353
4690,494,1584
82,1675,1631
5359,3353,435
4611,2047,638
419,1062,320
1735,1969,226
820,2282,3408
3645,1546,1683
1988,2555,1399
3350,2487,531
1887,2398,284
2453,1590,1116
2773,2626,1002
4559,1894,933
5008,1600,1717
4613,1241,3279
2839,1848,639
3549,3350,2772
154,1002,3110
3780,2920,3422
5362,1462,2520
2985,647,1712
188,924,497
785,2458,2432
3156,1773,375
3349,14,3335
1541,3106,841
631,3533,178
119,924,2047
2958,60,1719
1654,18,2695
641,1439,1461
2749,1439,405
5343,405,2518
86,2214,2014
2001,2453,2697
1086,2542,185
1869,2745,1350
1316,2868,838
447,1894,1601
1845,2099,3107
2349,3685,1438
656,260,1692
4577,3092,2473
5583,2175,2718
1501,2394,2462
638,37,2524
6008,2817,542
3511,2580,1736
2692,129,2128
3495,40,1809
1275,639,919
797,2333,2392
5993,1471,358
1801,1095,2304
2342,287,1096
2536,2626,2400
1550,619,85
5847,2402,2047
5526,2099,1360
2947,2505,476
4646,1886,635
3622,262,2718
277,1611,539
4694,1019,550
4816,265,3614
295,2379,3423
5712,2604,2725
5243,3476,639
4147,256,2582
4146,3702,1344
5859,901,1376
5365,1653,3145
2311,2744,3071
377,2524,857
5857,3600,52
5964,788,533
4697,1759,638
5284,777,675
628,3067,3497
3911,3098,2557
3797,1900,1785
5518,639,197
5875,983,685
4090,3523,3246
3733,1189,2697
149,63,349
736,866,359
5272,62,3618
2212,2765,1141
1,920,463
2535,2272,988
1079,2407,3554
921,1723,2768
3736,3500,1344
4155,977,1760
4924,361,842
2524,14,2116
2073,339,3208
2548,967,1183
5530,1611,3567
5539,1286,1704
3244,1183,2261
1318,3532,1758
5746,2141,3035
1800,1972,1564
5991,1704,50
5937,3244,3163
3604,2453,3605
3366,71,2048
4617,3651,576
3364,244,1071
2296,2718,3128
3442,3198,2659
5414,641,2451
4409,47,2737
2930,1122,1670
394,222,920
3371,575,3686
4665,2215,2476
3267,3113,163
3679,1976,3118
2454,287,1441
1369,1872,1705
4442,3146,2493
3832,2751,3267
2235,767,2063
2613,1564,1075
3190,240,1350
3002,1284,2400
4334,1670,192
2778,3398,603
4424,2582,3365
4575,50,1595
473,1286,3119
3861,3053,3088
235,3640,2561
5987,2263,840
2338,740,2037
5326,320,3605
2021,782,1112
3270,3652,409
3557,56,292
2430,1071,3541
4653,1214,948
4842,1019,3392
4310,1268,3373
4768,2110,1659
3463,1117,3575
4996,1254,2301
938,463,3626
1839,901,1193
1575,274,2621
182,2978,2409
1213,2348,127
1488,953,706
1948,866,1225
3285,2272,3011
1279,3436,3301
2523,2248,2462
4074,2518,538
2534,273,683
1896,512,3118
5789,2029,3137
529,2430,423
4067,2227,1357
4398,943,1419
2157,1692,1164
4415,420,1266
569,1062,3284
5009,3020,1397
101,223,50
5536,2649,2400
5672,361,3574
5835,2375,2718
3612,833,1344
4119,641,3003
3020,2088,2394
6029,2112,2922
937,724,997
5523,691,3702
1797,3390,2734
2343,2550,1071
3195,2697,1809
2962,2745,637
755,2924,406
651,222,3200
2501,2183,3200
903,452,406
645,1566,838
814,1116,1775
823,1167,3430
6010,3072,3005
1779,844,964
2478,1745,823
2130,423,500
1725,1255,1139
2286,3698,3605
4457,2400,487
2264,1189,749
1187,292,1396
2088,1567,1830
4730,2101,3124
261,45,3418
5304,310,1114
5191,1659,2419
2484,204,723
984,1546,406
3611,95,2462
3412,508,3158
2701,3016,1486
3233,3118,3432
4052,2729,2462
471,2445,2099
2459,222,2913
2649,1357,320
4744,1507,1175
1245,2819,1485
4222,135,3467
1284,3158,261
1270,1140,918
5482,266,2587
4154,3284,405
3630,2110,1380
4088,648,3175
1923,1338,974
3435,281,412
1894,1712,406
2303,1344,140
1447,639,1394
4809,119,307
2828,1596,1397
5493,3005,305
831,3567,2211
3902,3055,1653
2919,3020,3419
3802,3117,1591
2363,2664,279
1856,2877,1537
2723,641,314
4515,2462,319
2748,1502,3005
1859,1807,1658
2571,3476,3436
4117,532,1234
2898,197,2090
5610,1694,2382
752,2913,3407
1288,2107,3117
3560,2101,2344
5063,2141,2836
1985,1759,3604
1551,3015,1075
1126,14,3172
5082,1441,3128
4586,3009,2013
5992,2811,1066
5246,1833,512
5861,3279,1922
1511,995,1618
3096,1011,157
3130,3337,170
3959,3476,895
4836,1431,126
5179,1066,3136
888,342,15
1117,2632,2681
5815,2993,2358
4219,2014,1557
1626,2908,2390
5234,1344,1095
5151,2248,308
775,2013,1653
5558,3636,277
3977,1083,782
4325,3057,2836
3075,1553,277
1435,3238,1253
2737,1081,1037
5226,986,1591
4265,1110,2450
2785,447,2986
646,814,1417
3625,374,2493
1986,3400,1392
872,1344,268
3720,408,1373
5854,1199,2379
526,2396,1083
2074,1173,1900
1757,405,2058
3289,1611,1810
4264,2524,539
5700,2602,1175
5044,1529,2800
5261,2020,2993
3616,3279,3334
3070,2587,1081
756,1338,1349
5047,320,1087
217,1603,885
2516,3640,1832
55,3367,3400
1042,408,3635
4528,1175,1076
4741,3150,1004
4207,155,2432
5588,1418,1611
1341,533,1614
3665,2115,2908
4465,3110,2009
4654,3381,775
117,2807,880
34,1855,585
3806,2013,3175
3749,2797,2936
4634,926,2401
483,1907,2254
3718,507,1438
3324,3423,2071
5668,2006,3502
1280,1693,1023
4516,3652,3365
1955,1907,1062
1218,231,628
5578,3137,1431
2969,1886,127
1401,3319,2013
1239,2566,2308
5627,3235,2527
3049,2329,550
5040,718,532
435,1555,1982
1552,2964,292
4152,3207,2088
4405,3663,3522
2705,1693,565
422,2261,223
4200,1708,1907
2204,3541,1622
344,3634,814
753,772,3587
2065,3049,1023
5874,1598,2491
4423,240,755
3769,1438,2706
4639,2892,290
148,926,2557
3051,255,278
1692,3360,2102
5240,1200,3605
5521,3511,609
1498,639,702
5699,1896,3373
1902,1046,2121
1343,2003,3409
3899,2211,2288
5467,2462,1581
5547,2491,2793
5417,863,127
4974,3200,1527
731,1210,2339
2570,736,1506
4079,3314,3267
3012,2211,665
5661,2970,2338
4860,540,2412
5512,3359,463
3224,671,2241
4271,1926,2417
2082,512,3365
3266,1397,25
64,1786,3523
4874,1369,1529
2114,3652,2016
4019,2211,943
3770,2820,290
3804,2587,3151
722,1682,794
5248,61,3554
4403,2057,782
5420,641,839
2711,287,909
2160,602,15
3004,290,2990
164,2602,1153
4215,3228,634
1669,358,2282
1128,1759,3609
5626,895,1289
3405,1361,628
3133,217,538
4366,1075,2709
4950,3535,2272
3477,3109,2871
1627,2453,3545
4129,1201,1518
5836,127,2587
4863,3400,1532
3958,1701,307
4185,1760,1707
4164,2797,2032
3547,2842,1441
769,634,498
1703,2697,548
2921,948,2013
4105,359,3527
2677,320,432
2101,1743,2468
3138,1585,2272
786,447,3034
2859,2411,3620
4648,1705,3062
2594,1189,550
1945,639,549
3680,2705,427
2800,870,2390
771,2197,2863
3505,1909,2338
2315,3289,1037
4502,3600,565
4683,1512,3600
1742,1630,2057
750,3449,3198
2953,369,1708
1219,321,3127
804,562,2007
3960,2705,3200
5775,368,2846
2826,1691,1125
5352,408,1432
2019,1462,2697
2470,3077,1015
221,1832,28
5745,1271,2772
4591,972,1760
5783,1066,622
4678,2830,847
2601,647,648
3971,3,2359
3801,3684,412
4498,408,1598
5912,592,1892
3774,808,142
1483,1224,3203
3185,706,1874
1431,3599,1963
4657,767,2076
387,497,3224
1151,1360,412
4679,2892,423
4664,1041,1632
4126,1743,775
2950,2830,724
4609,2230,1630
5345,1732,3666
4346,2467,621
355,1283,2066
5064,1621,847
1521,538,3523
4873,2077,320
4473,2768,3507
1006,1509,2681
3528,1319,2104
4970,3429,567
2885,2691,2614
1874,463,2582
582,3148,56
6035,2411,1078
1268,95,325
2193,2609,1461
4746,307,3541
1721,775,90
5132,195,1003
5511,1037,1162
3922,3668,3604
1052,1432,2043
3192,817,3620
5233,538,3519
1560,742,846
5318,638,3072
13,634,1833
3556,2324,2560
5513,602,745
1596,1723,3163
132,1546,517
211,911,920
5463,3369,1965
2675,1685,1584
5065,1448,2577
2657,1243,37
5477,2320,3689
952,2433,266
5890,115,2261
2876,2592,840
3179,3408,775
5599,1726,1253
3778,2069,417
2798,2627,2091
18,1692,2272
2276,2010,2491
5933,2830,3694
4300,2153,2167
5253,639,3598
843,1944,2970
3921,458,307
5351,3064,2766
5531,532,146
3450,1387,3035
5141,223,1253
4175,738,3697
5286,477,1705
3565,2986,2473
1379,2626,3163
2261,1185,287
1873,1357,89
783,3675,1529
4068,259,281
359,435,2940
1928,2029,1116
5207,2394,1323
960,710,2875
1600,3350,273
4788,135,3069
1539,700,1153
2038,3151,708
626,1611,1703
3073,244,2532
3903,1203,2940
264,3432,2261
4651,2491,1603
5348,635,3504
1746,3446,127
1243,641,241
5242,3309,2721
5413,1949,408
5889,466,2009
2015,1836,262
3548,2584,1743
580,197,3365
57,915,1712
5271,1331,3146
1493,2066,3444
3308,1791,2491
2158,1385,1705
5635,2936,2458
395,3694,854
556,2384,2797
3503,3353,1428
821,2832,2971
2153,1510,1692
5219,1253,2028
5357,2656,901
2744,2486,1253
5976,3701,1620
3055,1383,1259
2722,1631,3016
592,3666,2652
1565,2380,1800
5287,1019,3300
5385,2462,2273
2504,3062,734
3107,3299,276
2044,2210,639
3964,1663,1280
4506,769,3503
2035,1553,2774
1935,2419,1611
552,1760,370
1171,575,2990
1731,517,520
1903,2010,1385
1249,3145,3106
5178,3330,3003
4614,307,1617
4779,510,3523
3555,2254,3224
2369,549,1802
2385,838,726
1639,876,274
1764,2390,2886
3784,2211,1369
2330,2558,1601
2978,3411,838
5757,1611,1637
5623,838,3265
1430,222,2327
1544,2938,1546
6016,3,2277
5363,3605,2241
3316,531,3604
603,3666,506
942,274,1874
3758,811,2329
3754,959,3408
4631,645,3419
1274,995,3128
676,3477,177
3008,1189,154
4536,629,963
1849,3309,6
2542,1371,1421
6018,2993,1900
6006,476,1189
3705,918,2525
159,494,3016
2234,469,262
3406,1911,1485
176,3218,2017
4199,2868,3605
3346,1656,1759
3373,2913,3245
4125,2333,1189
1258,601,2980
4345,695,2121
2126,3627,2061
997,2458,1312
2698,1095,2683
3099,1089,339
5020,838,1185
3152,88,3228
2099,3557,310
2940,564,1386
2592,1596,1147
4991,538,2937
3755,1371,672
905,538,937
3653,1310,3233
1748,2440,3519
3292,2066,428
1168,1019,3419
2703,246,1360
1059,2650,3541
3614,3337,1282
5794,3365,3334
5716,1712,2044
3970,2032,926
1686,3626,52
845,2549,671
621,3627,2664
3773,924,3238
2622,2936,1157
3140,266,857
1714,72,517
5356,734,2187
3203,133,1003
5769,1568,1753
2753,2102,2462
4322,1874,880
2390,3697,1227
596,1339,2497
3650,2013,1524
2345,1892,1066
4235,3085,2803
2630,2066,1431
4257,406,1832
5524,1652,1631
916,2602,3023
4136,161,1524
2936,1338,2375
195,3279,1900
2813,2390,550
1005,2220,201
5187,1855,2794
368,1900,406
2350,60,866
6013,1243,734
4148,3062,3564
3436,1772,2165
3066,2993,833
4621,1816,2431
1335,1271,2538
4789,3308,3522
2497,1486,222
1754,2913,2800
1506,740,435
3947,1524,3117
4003,1354,222
318,2386,274
803,45,90
3572,3649,2272
5742,1594,890
711,2531,948
98,1285,3020
488,2524,1142
2883,1693,879
3019,650,3476
2156,1426,1175
1433,3113,638
5157,1476,3207
1159,339,1175
2949,3085,1461
1983,1595,189
5644,1707,2473
4900,3198,265
4393,1441,2764
2216,3100,3428
1761,2317,290
5652,2525,2424
4529,532,2814
1398,299,3695
4740,2386,3096
4485,1078,2425
3537,977,3666
3261,610,3047
6009,874,548
5862,1383,60
1926,1886,1986
2104,3346,192
5618,3435,3180
1490,2990,3536
5340,2057,838
5194,629,1965
1371,2698,2058
1252,2102,2432
2118,1765,3010
5092,2013,830
317,2066,1926
5735,604,564
4303,1659,3527
1364,2936,3172
469,1162,2908
630,1313,2152
5197,1441,3112
5211,1394,307
1012,2016,606
1290,307,432
4404,2888,557
3594,3671,3115
3666,557,532
4397,2324,726
4761,1437,299
4510,1284,3601
5728,3687,1584
2928,2971,2106
2730,532,3509
5336,875,2993
714,2682,101
669,1267,874
4112,2390,299
301,90,2419
3076,779,476
5944,2099,838
2233,3128,1598
3908,3446,641
5410,1034,1584
278,3106,3589
1312,2179,423
4362,2990,261
609,3198,3677
6034,3146,361
1113,3404,1910
5574,3636,3665
4278,3337,2092
2760,531,1385
476,3615,1264
5792,2388,3684
4830,617,361
5855,2409,1780
1347,2705,1704
5300,639,1959
637,2287,485
2646,2086,1172
1058,413,2985
3449,1809,1461
896,885,1040
3588,1823,2282
5006,3106,3675
1971,2664,575
4564,2101,2410
2755,91,3092
1569,3158,3606
3432,1895,240
1050,1388,1715
4247,260,45
5183,3278,875
388,2770,948
5283,629,1437
511,1263,2797
859,2099,3292
1198,1086,2898
4071,1900,3675
610,3365,2175
1865,817,1621
5779,2798,463
1961,2099,570
1465,797,3058
3667,3155,3238
2097,909,986
2210,3595,3652
1548,1759,671
161,1693,2535
1148,751,1203
904,2618,2726
2704,290,406
1555,1546,2846
1770,3604,2562
1954,278,2444
175,2358,1305
4764,1312,1833
4994,2215,2642
3240,1386,1520
4521,68,1484
1743,745,1397
3807,223,1387
4831,538,639
3559,958,1095
1116,1662,3003
287,580,1553
2079,1089,101
5421,734,347
4526,3451,2056
644,1522,1173
3789,1631,3225
5262,325,995
3590,3665,1874
2107,507,3556
5077,2257,2398
1138,3072,3328
3746,287,40
4394,3704,2575
1503,2783,1743
5055,73,2524
4262,2261,2217
1462,1373,1436
78,1281,129
5843,3085,2908
3351,509,1112
772,2241,1158
1633,2087,1377
88,754,974
566,178,1351
2428,3640,2044
599,3393,2914
3872,65,575
207,448,3154
2837,1743,2886
4738,638,1289
2237,2449,3106
4963,3430,3224
4858,2077,1439
4304,761,1436
458,2408,290
4170,2689,3062
829,1670,3553
2382,278,2167
3884,3635,277
5506,3652,2184
209,2259,3165
1385,1078,1601
1701,3551,2633
1803,3145,842
5277,3566,1880
3298,3187,2682
1308,2320,673
5542,1708,2985
3150,152,2339
2602,450,1677
4015,858,1158
5711,2194,259
4923,960,772
3735,3681,1601
2564,2588,3317
4598,2489,2407
2028,2924,3118
341,1888,281
1329,920,2013
2663,3031,2902
2632,3213,3685
1078,421,2324
5215,3537,2884
4483,1153,2240
249,1285,1446
1494,1268,115
4995,1224,1594
5306,3209,2261
5600,3285,535
1190,1898,3001
5597,135,902
2820,2895,3500
2024,1677,1953
4383,3635,3398
1947,1053,3476
1222,1782,1095
402,1965,2486
1471,814,308
4928,308,3432
4008,1529,479
1043,2139,2324
5415,2357,287
4422,3276,1
2887,510,3632
4492,1833,2580
1904,1066,1344
1448,647,1807
2023,563,1886
5034,3686,877
2911,1760,2696
3639,977,255
3003,226,538
5633,1865,549
3876,2394,3158
428,2099,3047
5071,1461,149
76,1621,540
3928,855,3532
5756,3195,3677
4343,192,1693
138,2167,3208
2282,2370,2355
5782,3057,2050
5204,52,1162
1769,980,127
1930,3429,406
2816,266,18
1469,2215,888
3180,2425,2800
2757,2450,320
2768,451,1620
5416,406,2996
5325,2637,1162
3169,3445,2935
4920,565,2407
749,2431,809
4432,1831,1253
976,982,2718
1657,580,28
228,1006,3684
2860,1428,1399
58,1344,3597
4192,1419,3088
4160,2511,1626
3956,1268,1965
4988,2798,1112
5276,2274,1869
5592,581,2431
1993,1253,405
5448,2050,3015
1500,2178,3585
3980,1832,1
915,2327,1019
4466,2187,2681
5221,2681,3225
2674,1209,1128
5113,2830,3137
3589,192,1201
1631,1324,1601
338,3394,1350
525,2538,2560
4759,2744,425
2539,2074,1222
6037,2993,745
125,713,2530
4612,3420,2444
1324,124,1642
5051,2066,2953
2283,3137,3238
91,1661,2099
106,738,447
3662,949,3461
2053,314,3386
5870,3429,2993
650,1553,1113
1440,703,3268
5636,1555,2532
1663,127,745
5535,710,3146
2578,2115,352
1509,3640,313
885,2491,1601
3737,457,3551
3651,3127,974
1830,2462,814
3819,170,624
498,3147,2246
1995,3689,127
4183,287,1071
4652,310,18
3975,2760,3671
3288,2338,352
5713,687,2458
3365,435,926
4522,629,988
3426,2417,635
4382,1782,2432
4487,1961,1726
408,50,213
5814,2993,1243
290,3154,2861
2016,1015,406
4890,3576,2379
291,2729,964
3907,3084,3533
4739,3365,675
5671,2870,2248
5900,2496,788
4661,833,1738
4358,404,3390
4021,1240,664
623,1066,3100
5081,3666,641
4355,914,1183
887,745,366
5,1538,1486
3787,839,2099
5552,1867,2207
4799,2012,2758
157,2019,2068
6015,2587,2956
5368,3216,2524
3929,2817,2898
2801,2840,1823
1381,1095,1341
824,237,794
5056,1571,1524
559,3261,273
4133,3200,3015
4109,3595,250
2517,2168,3405
2298,692,751
5585,762,2101
840,3158,3562
1094,40,189
5619,2102,1860
2996,334,1642
4784,2301,1782
1499,449,638
2295,726,730
3212,3093,2895
260,532,630
4020,1342,1344
509,2162,71
2275,1702,1825
4572,3009,1534
5640,1431,1323
296,42,2564
2481,2211,1573
692,3501,3212
4481,3007,2457
591,1225,629
5901,3694,1828
894,352,91
3864,60,1099
1593,3567,2353
3716,826,1574
1024,331,3582
4593,1487,1113
2253,2073,3564
1584,2102,2167
2232,353,170
2510,3544,281
4395,2745,2339
5556,3668,1469
5549,3001,2897
380,814,2487
2960,1332,3519
5930,1237,3450
627,183,1310
899,1439,1003
1594,2179,2407
2215,3112,241
3764,1725,1486
3297,1748,1448
927,1189,2935
3592,920,1162
5564,888,3238
1802,794,181
4056,2805,258
4293,14,528
2791,2261,1417
3826,2390,1092
103,1435,254
3384,2473,3649
362,856,241
3986,2090,3615
4399,3666,3538
601,2101,259
4767,3636,1505
5109,2990,598
4272,3635,1529
455,2272,575
1818,3275,1353
5378,1869,3593
1823,948,278
5094,1329,1581
776,307,3542
2881,463,3163
545,1877,1360
1618,178,2863
2604,1158,473
3944,1064,731
1387,3276,3423
3407,320,1926
1623,568,1677
2196,375,3631
3030,565,2555
5715,2390,2261
971,3326,3335
955,1087,2648
2612,782,3532
198,726,565
5218,1849,72
2188,406,664
953,466,1986
910,1308,3337
3936,3532,2776
272,2141,1993
5285,1397,3671
2767,710,3540
1150,2431,814
4190,296,1440
4604,1331,1189
5752,1117,1486
4214,406,2450
1807,568,3524
4480,1181,962
4135,3692,706
5766,775,538
5603,2889,1688
1556,1307,2658
3913,928,325
5483,1608,1898
3706,2570,1264
5274,137,359
1191,3154,2357
294,2812,428
3502,964,14
3247,1230,678
2546,2524,3541
374,1159,240
2410,60,3587
979,1568,2616
1015,2121,274
2236,3009,2866
453,2014,476
991,3299,1225
2584,3106,880
1061,3003,2625
1796,2830,1271
5260,423,943
2696,662,3303
5887,1200,1990
3918,982,1234
1296,981,833
3950,556,2513
190,166,1785
194,3698,2335
2008,2186,1369
5074,18,676
3033,1466,3100
3888,2425,548
838,375,2836
4826,2448,3117
1089,2425,1626
5311,1900,1427
5347,531,3243
500,321,161
4748,3500,2037
5942,3007,1996
4716,124,2673
5205,1568,2807
237,2471,3500
1824,2765,3605
1446,2486,3423
3593,247,1047
5520,1785,2745
5346,319,2101
3305,3113,858
3427,634,1869
3058,1460,773
1228,1062,2183
3401,1365,1707
2240,1621,1435
5634,1662,2081
2373,265,2990
5750,1271,273
3336,1662,1771
1794,3701,1153
720,2507,1360
4356,2047,1432
3689,3009,2357
3566,361,432
5837,3190,1071
882,1782,2476
3345,2664,2749
5786,3522,1
4256,1614,1225
2964,3695,2106
3158,3276,3598
1925,2628,861
604,1264,961
4274,1268,1253
3293,1225,3086
2476,3048,3235
5452,1922,1338
96,692,1102
4169,810,3435
4982,1162,463
4989,814,3005
4509,2333,1670
1098,3381,1095
2267,39,3267
2224,3373,192
700,369,2169
1991,87,2597
3721,3476,2730
624,1380,2009
1989,1324,1524
3085,1439,4
5481,119,2425
2048,2765,2734
3458,2032,1174
1662,1965,299
1605,1268,64
2124,1112,1087
3934,509,1394
4025,265,3663
3862,1159,2227
5038,2462,2471
49,1115,2717
2190,2401,3598
484,3334,3292
2827,675,1183
5612,1679,133
1756,408,402
4592,162,1243
1328,85,2214
2138,1386,1099
2420,510,667
3183,3575,791
2040,3353,2215
3577,3180,736
3725,3393,18
2433,65,1306
5023,2524,1678
3392,3373,3575
3263,565,3519
2321,2731,3005
1695,799,772
3891,2705,2291
3125,405,140
2195,2764,354
5758,2567,125
3536,1338,3224
4166,3451,2211
5049,3238,307
527,1264,1807
3444,1164,2970
1264,222,1094
4033,2956,1375
3910,3593,164
4239,2827,842
618,517,1849
4635,532,972
2913,2487,466
3867,710,2090
1718,1267,3675
3380,3203,1307
5990,240,552
2397,2141,3239
2187,1314,3190
1876,3154,1172
187,3155,192
2322,287,2023
1927,90,357
433,1071,98
1597,1642,3567
2957,3057,320
1837,463,3064
4689,2899,3474
2716,1011,298
2326,2862,1380
598,3023,1596
4785,2567,2865
3624,3010,1669
1921,2308,2614
3304,3276,607
3691,3373,2555
2280,404,3317
4489,1432,810
3834,3216,3398
370,1199,1268
84,433,1314
206,595,3587
3036,2263,2797
4171,2313,2013
2063,1833,2626
6000,788,557
3060,1961,3677
3507,475,499
1953,1213,648
4490,60,1556
242,2936,2990
3531,3354,2409
5902,3350,3359
1112,40,1736
1070,3330,3337
871,1726,119
4496,3554,1221
4992,776,2986
322,3575,129
5403,2393,1461
4331,3163,645
5701,2824,241
2771,985,166
1994,1760,222
2227,539,2147
1144,334,1081
4249,3449,532
4687,1253,3649
5154,3100,3397
1528,3597,2044
4539,603,1112
2159,3541,1712
1238,638,963
438,1037,3086
4682,1380,1399
3509,2338,1953
470,2417,2419
2781,3423,2448
3018,870,565
6039,606,2738
2402,1469,1546
2505,756,3032
224,647,3106
3193,974,1584
5280,1019,1251
3821,3649,2080
2842,3209,1715
1019,2524,2592
1438,1380,2880
6022,3244,2394
4464,34,3666
2208,3614,120
3327,3677,398
1444,1373,1616
2467,122,2683
2140,383,358
3411,2697,788
4925,2964,634
5270,2661,1926
2714,2155,3165
3654,319,609
3091,1546,1153
2549,1584,884
1481,2913,2143
2260,146,836
2005,37,821
1920,3119,2099
2640,3467,682
1206,2263,1357
244,3084,539
1084,1670,2735
1319,2101,1286
107,3005,791
3987,3631,3614
4046,1567,307
2770,629,3541
1867,1071,2010
2691,838,1484
3321,2867,1487
625,3231,1719
1028,61,3210
3313,2272,557
4101,855,1832
4563,2101,3092
3438,3339,375
1576,1529,305
5579,3069,2009
1475,1611,1310
2128,1462,1331
1707,310,266
1416,1264,162
3663,2830,2669
3538,1344,2407
2808,995,1986
5589,726,261
2017,195,1565
490,1224,266
5078,3118,1075
2567,2077,2099
5487,1815,1164
3175,1253,1385
4128,1339,255
3206,3415,1159
5030,532,125
5166,3684,1611
5649,718,135
884,1872,439
285,2776,639
1760,1400,29
4889,2507,995
1030,962,3329
441,3544,1418
3800,2338,2532
5370,673,1087
5360,357,3593
2654,838,35
5105,509,287
329,333,634
3859,1431,3486
851,1726,199
3143,1002,3314
1286,3373,1266
3309,3035,406
4469,3266,531
160,1144,3373
5981,629,299
1033,3018,3127
1931,1603,1693
4289,1825,2420
3112,656,479
907,2628,2183
3467,2103,700
3448,1794,1310
716,3541,2681
1361,463,3117
789,50,2265
2559,1629,2333
4041,2656,2449
2279,2431,2862
3636,241,1677
1812,377,3079
1877,1599,274
4883,2590,1050
1840,3604,845
5616,1338,3062
743,1782,3387
4573,2007,2656
5375,2380,3154
5934,334,369
27,154,3353
874,2637,56
83,997,2578
5647,3196,2836
2607,3110,1337
202,1710,3085
4072,1595,633
120,307,2166
1795,284,266
3897,3545,1200
3747,405,1584
5438,297,2789
2312,1652,1828
4364,3402,2231
252,1835,1232
5227,2099,2938
4324,1816,2071
3973,1487,3010
758,1898,3400
271,2631,1972
3355,665,3467
3254,2167,3635
1240,3681,2883
568,1642,2135
1123,3695,838
2174,81,3367
212,1498,3346
3043,1221,2436
5791,2124,3346
1417,1693,686
3094,2888,2883
4804,423,2986
503,602,2862
4161,3069,2608
1934,1773,583
5400,2814,3154
216,127,170
1311,423,1436
6005,512,408
1026,527,2388
2213,741,1492
1066,2379,324
5833,2643,3112
3786,2453,876
5432,3145,1652
4378,606,3194
2489,3572,647
1870,726,1704
5003,1286,1993
1429,40,1154
1655,2261,1458
4259,359,3681
3280,3301,672
3532,2246,3028
4040,3536,1684
4284,1153,1596
4917,3072,281
3480,266,2261
5998,2524,2491
945,3509,2525
3161,920,3640
1115,2983,1003
1822,2254,2167
273,1115,3145
647,2899,1986
5625,359,2458
3299,45,3523
5793,788,2044
143,1957,1042
5602,1143,1439
3388,2220,3701
5072,3050,2830
1211,1534,184
215,1972,1002
5198,1037,1128
403,334,449
1363,494,1426
3396,199,2860
5717,1867,1440
4332,2970,2458
3228,494,924
3795,274,1965
2206,173,161
1136,1515,3557
3272,2697,344
5282,876,1938
5263,2445,1726
632,842,240
864,817,1047
4904,1186,1307
532,2305,602
2325,1311,37
5748,465,170
1081,2681,83
371,3523,924
2669,2765,2980
2580,2560,541
3629,129,2462
5289,65,557
3360,2353,1556
1532,2379,90
1424,2918,127
2702,2090,2407
4964,3354,2422
2026,2266,2422
1612,476,3510
2731,30,2324
2500,2388,968
1008,1642,565
2596,246,2764
1752,3225,241
4341,1807,3005
4335,15,983
2362,591,2324
4124,2818,1154
173,3114,2101
536,2852,3476
2528,2248,69
4290,3538,218
737,2567,2407
5214,2168,463
2438,467,1218
5466,2320,3666
4187,1227,3323
4477,3523,779
4053,1584,1112
4064,691,1410
2725,204,1146
3943,163,1982
1176,423,1239
3368,1856,2772
1337,2737,2013
4012,2694,361
5666,405,1809
2007,2524,2301
970,2416,1555
3124,217,2834
782,3221,615
4721,1246,1435
5760,2054,2502
5011,1712,2518
806,2273,1338
4587,2493,2458
4824,3635,2580
4348,2563,934
1014,176,634
4406,369,2734
1996,2608,1743
4216,307,2261
3865,3500,408
1685,2218,1310
1166,918,120
1402,775,3527
3295,2484,3615
2733,1834,675
4643,1071,1285
2894,3411,1743
3391,3652,2167
860,638,2673
4948,4,3060
5479,449,549
4143,273,738
3923,1692,2626
3184,775,1891
2469,1756,261
2436,3671,2868
1999,8,1117
4004,161,2898
5725,3435,2060
4650,1556,2793
2002,1926,1747
5812,3677,1630
4926,2760,1499
4699,1095,2380
5813,2886,2543
1025,763,833
2914,2211,2374
389,3367,1910
4588,1123,1555
5502,2660,1462
2368,1712,410
2655,1066,3316
4669,3318,1828
2734,662,3069
3613,1622,2519
2867,3015,2291
2012,1201,60
5845,2602,920
4350,463,1220
5155,3652,696
5962,3373,1307
356,102,2473
1540,1639,2760
5503,1712,2936
1256,1478,2102
1640,3587,735
197,713,473
4242,547,199
3813,1898,1926
4540,255,408
1831,962,2830
3052,261,290
457,217,1603
1334,2493,3435
360,87,3467
3598,3444,3461
5873,3103,1828
4075,109,2971
3702,1596,3658
3000,2047,1336
4562,920,876
570,3150,3265
519,3197,3386
2784,3689,1630
5319,2369,1906
30,1596,241
1838,2088,1800
5584,3533,2394
1110,1992,2167
1489,1223,926
5096,1462,1011
5380,1007,471
1339,580,2625
2387,1809,1041
2811,3402,2473
5828,119,2914
3790,3536,2789
510,3610,634
2895,2777,1529
2225,3423,723
5878,1546,3394
199,260,3476
2266,1604,501
3472,2214,1765
2648,3397,718
4014,1201,2375
3200,638,1474
5664,1596,1286
578,2379,3026
5967,1128,888
5043,3667,2868
1491,3373,3246
3162,3476,3631
5655,1529,506
3057,577,255
778,1338,2458
5337,290,3494
225,3200,2562
77,2019,2580
2995,3118,1974
5396,314,1485
1604,1369,124
2879,2931,1397
2720,1656,726
3595,1996,3035
2000,2760,2525
5510,21,3163
4725,1230,2777
3825,937,1392
1464,1521,3301
3793,982,2983
3608,1217,1068
2335,274,2953
557,1555,2608
2317,2524,587
818,2770,1264
781,3593,3541
3139,320,1815
2209,3541,672
2923,2183,1743
35,2326,2519
5176,1948,2643
3708,1171,2006
4114,3635,2402
375,1723,290
2113,2990,2628
3468,65,366
5538,2797,2346
2897,3107,1384
865,2457,1469
697,3534,2124
4162,1026,1740
1737,1003,2273
3856,1438,60
2977,222,3604
3900,1760,299
3181,3226,491
4906,412,3398
1260,2060,2174
2916,3627,2013
1936,2689,509
1857,3527,192
2192,685,383
414,2993,2984
4823,2016,1925
258,1832,274
1525,2935,1200
1325,2288,629
4244,3652,2604
5366,718,662
723,2648,3097
3738,3124,764
2014,3604,3582
3205,83,3203
5033,3419,1344
4049,1388,3365
5314,2648,2491
3772,2228,1749
5255,3224,247
67,287,2261
3948,2908,2830
4582,2784,3003
270,2468,2800
4941,313,767
4918,3634,127
5586,410,1965
2106,231,2394
70,2352,1661
5830,639,261
2080,2308,3034
281,2401,1584
2568,2453,2884
4446,432,3123
6028,1555,803
2935,788,2723
3397,880,512
4556,1993,3114
4065,3615,2987
4076,988,2790
2986,2683,528
3542,2112,2031
2408,1071,710
1434,817,2763
3006,3224,357
3213,274,3476
4277,2261,3216
3533,3519,497
2166,2697,1421
1023,3457,310
1453,129,1011
4132,2705,1471
2375,405,1396
1861,3411,1621
2537,3573,8
2845,213,854
1299,1193,1732
1461,1253,953
3249,1400,1601
4011,977,738
1880,3,188
92,2648,1689
5224,2214,557
5709,639,1385
5819,3226,2580
1259,3587,1874
3106,2883,126
2715,773,3267
2168,2019,2661
2182,881,1546
4737,2141,2734
2444,3035,2626
385,497,3429
1687,2417,2101
5598,2783,645
774,2080,1466
259,3668,3432
4978,92,1095
1832,2261,1775
5295,860,1144
1637,982,669
3863,975,3214
4929,1130,1037
5025,1669,8
4181,625,1483
4902,3523,3219
735,3209,2167
19,2839,1357
3047,3003,1225
4608,3585,1557
2880,2827,1397
589,2971,3666
2201,2102,1
709,882,1111
4939,2638,3305
2626,1227,1594
2533,1704,580
3701,1201,3042
922,1217,1275
2100,449,2532
4677,1712,937
5665,349,1708
5180,1651,3172
1372,1524,256
3906,479,1957
1638,1601,1173
3238,1579,1172
432,856,710
151,129,3705
1582,2629,1111
765,2329,1201
136,538,775
2034,1816,2664
4070,3163,241
666,1642,2765
926,2329,1993
1900,566,307
4960,2141,369
5371,3266,1253
134,2524,1397
1064,3319,2761
2089,25,1461
5948,477,3118
5963,2831,895
2268,1095,775
3086,3461,1487
5719,2736,2630
5575,575,2240
4758,811,2830
1297,2473,2306
4493,349,3600
3095,2047,926
1108,1462,1733
3843,2718,3640
5777,3675,2233
3,2312,2971
1706,2357,290
2284,1596,3595
4576,1306,366
5823,2167,3684
5478,2017,320
5638,3645,1154
746,641,2819
2695,520,2892
5339,3100,2935
4291,307,1687
2572,943,3112
1691,1759,3145
4408,2695,1715
4333,3003,1772
4145,1886,2392
718,2985,2163
2991,1569,1691
4792,1849,2489
3017,2507,2708
5632,937,1485
2018,2107,3064
1172,3610,129
3487,775,1692
2797,3260,1529
3452,782,1042
1492,3544,2535
4589,2016,1389
4208,3544,209
3896,1568,2270
748,3575,2538
110,3118,2453
5693,1557,1743
2575,1116,2697
2865,621,1614
5150,3365,2815
3093,523,828
3949,3532,842
2719,995,25
1783,535,1673
3362,3663,2659
303,3415,1441
298,2282,1072
1378,1661,1095
918,40,1732
521,2164,126
363,734,2167
5037,541,3069
3276,1556,1239
672,3163,2037
5509,3200,1371
1473,3062,1111
3512,313,28
1305,475,18
5480,866,2983
407,3501,1006
760,2648,2907
2288,1159,1687
2588,1748,3608
2341,1629,2353
2810,3,814
5540,1002,1385
3510,2793,1476
3042,52,2431
2620,2820,1647
421,428,1486
5327,3394,497
3275,278,2229
367,507,1849
933,1524,1438
5017,3062,101
2313,3432,2608
1125,1874,1167
5689,3408,1772
1353,266,2673
4386,1478,3224
3251,1571,632
5241,2772,2830
1184,1880,1217
5959,2917,2789
767,3238,200
1810,3523,1834
2750,137,2525
3071,681,1573
3909,320,2899
2522,1553,447
3901,1663,751
924,712,2106
1273,2261,540
1704,366,1154
4750,3040,256
1118,2301,201
3672,3158,3686
3829,127,1469
4685,1929,3124
3610,566,1614
1414,2407,3564
4555,2013,287
1883,281,2027
5146,1385,293
4221,3289,2443
5621,1604,2661
4418,1199,1922
5440,2013,3588
2743,2367,520
3352,1596,2491
2634,2262,838
2486,1631,3667
4997,2449,2252
1681,647,463
1630,1176,3015
4037,126,190
3041,639,2935
2241,2487,161
4258,2800,1075
619,782,1899
5876,1098,944
710,995,2394
1881,125,40
2136,408,1213
5601,1153,2998
4769,2572,353
3460,149,790
5931,1189,1227
1383,3154,2102
1320,1275,1990
1041,1704,1626
4765,1833,1669
1038,2274,1164
3517,2124,1652
5090,2211,1852
3892,439,639
2462,3304,3581
4846,2425,3233
5322,3541,1828
405,71,3373
163,2646,223
420,660,2315
562,1835,1338
986,3334,2101
5692,1584,1706
1520,2936,1266
4144,920,405
5904,2184,2572
1738,1782,226
3121,1439,1235
4407,2520,2697
2636,1136,3237
352,3412,2204
2942,870,249
5431,349,2459
3954,3349,541
4887,2333,2273
5720,3158,11
2057,517,2268
2415,2013,3536
2869,179,91
4783,890,1318
48,1971,436
4800,3091,2047
5391,1502,743
1051,3698,1268
2971,3144,2167
2319,2162,1596
2933,2195,1752
1585,1596,3240
3955,1809,2338
5134,532,1371
5181,1435,3112
2150,2730,648
3652,2401,285
449,2517,2793
3777,2803,773
1007,3544,3694
3513,3635,198
4626,1083,476
1142,192,3649
4772,1224,1629
4455,1285,2266
5617,3223,3523
4458,1759,3704
4061,14,860
1425,1900,3564
297,3150,1677
5906,988,1583
3326,292,3193
4224,672,2326
5474,1423,3098
328,405,1595
452,3519,2592
4668,1631,1812
5019,184,538
5681,3235,1568
1805,2994,1338
3443,2453,1396
1478,3500,1254
5076,3136,1462
4791,3294,406
5628,2153,604
5607,2473,301
3543,1869,688
335,2656,2643
3731,439,1444
2485,3233,2559
4425,370,679
3660,3666,2115
3122,2013,2888
5979,2192,2597
311,1344,3365
892,2462,435
5433,2656,262
4275,647,72
5648,2013,927
4676,3435,948
2435,292,406
239,1923,814
1505,1528,1472
830,408,2476
4241,2705,1529
5866,658,3537
3568,179,843
2495,1529,692
3439,1855,2187
3682,745,3276
4282,3284,494
2176,2401,2718
3108,1577,3150
3803,1441,2133
811,1833,3224
1780,3224,2717
1699,1143,293
5254,1268,884
4082,3034,1596
2356,2524,3305
3264,2030,3587
5527,2047,1027
442,3200,673
4316,2233,780
2067,2417,944
5620,3544,1946
2418,1771,2182
2673,2751,946
253,1926,1227
3508,3244,161
1978,240,1740
1636,2608,3394
615,2090,467
3828,3106,2390
4344,623,6
4267,406,1344
5853,2357,473
5941,1792,2010
4450,773,2462
652,1603,2058
5244,3350,557
691,2681,1743
4503,1669,2401
639,1220,1875
3824,1371,3338
1271,421,3635
5894,641,2889
1722,1778,223
11,3402,278
5497,1659,241
3155,1002,406
1177,1631,1384
2401,6,3143
862,2596,485
1162,108,2022
867,352,2614
4803,2489,3625
2818,1435,1462
3037,49,920
3145,1011,2687
1384,643,2734
2354,2697,1631
5708,18,2138
1382,266,202
4547,261,320
988,1462,3604
1736,3292,876
4080,782,1972
5404,1385,290
3727,2656,352
1212,2060,3575
2645,3461,1900
5594,826,3616
4413,3018,1272
2309,995,2524
1165,1250,3408
4197,638,565
1777,845,1281
2871,1687,115
634,1723,565
3915,3284,538
958,1002,866
1229,170,2407
3893,1883,3118
3756,2812,548
856,3051,3096
4039,638,494
1044,260,241
3186,3209,3542
4754,1969,1037
114,3255,3365
4098,1253,3692
1964,1584,3455
3059,2862,3321
5871,1200,1519
2554,2993,1146
4825,2426,3359
2846,126,3006
923,2990,2920
4308,2056,368
56,876,1791
5083,3604,1424
4440,319,1071
825,45,3494
4038,3497,532
2440,2127,1684
3317,557,420
2581,1574,2211
3383,2214,2338
664,2824,261
2163,1310,2532
3515,3334,3329
4035,2990,261
3231,854,3020
1841,52,3207
5434,630,879
2366,918,2973
745,1684,634
5486,177,621
502,1386,1807
4940,361,2570
2426,860,1986
3413,2019,339
2310,1470,1743
5753,2214,3290
524,3532,2718
2852,540,3634
478,3278,2417
3938,287,1912
5849,2261,854
3873,40,2527
1644,664,192
69,3003,3151
658,1918,2431
3105,3640,406
1821,2329,639
2932,1252,119
4957,2611,2517
1914,767,2986
3453,3330,2175
4315,2462,1003
5088,3321,1764
2697,359,285
243,2744,2445
181,761,2980
4292,2757,1567
4491,814,404
4808,745,97
4662,1900,1410
3845,1639,1775
288,1200,1594
1792,2518,3009
4532,890,32
534,3431,1555
150,274,1712
219,1040,1986
3880,1154,2608
2819,435,3063
5444,1254,3054
863,1702,3223
4381,2088,575
1758,2978,1154
3475,342,145
3890,3016,361
5606,1383,2489
451,1614,1462
1700,721,459
5519,353,3614
2301,2380,2862
5729,1286,2836
605,2797,3667
1759,127,3400
730,2572,1702
2347,589,198
3065,2027,531
5555,1333,3025
3290,52,2705
5896,3089,2704
1885,3369,192
4782,3365,1005
413,710,3113
5341,2060,3418
4209,305,3297
4245,540,3288
4326,828,2407
1263,920,242
2221,2772,1394
2670,2900,3388
3376,2449,463
1982,3415,1719
1432,1478,2455
5645,129,532
2700,1116,3062
1485,2397,1253
14,3172,863
5123,1505,1539
3331,3523,346
4467,532,408
1620,3541,1400
983,2029,3422
315,1075,135
1394,406,1616
869,838,1154
5128,249,1075
4755,1503,459
2790,738,968
2003,2867,456
108,1662,814
1010,3066,2432
4921,49,2582
3710,184,2588
1527,3535,317
4814,166,651
1526,3408,3604
3674,380,1095
4811,2007,1653
2098,1220,2464
229,3224,296
3683,2772,3289
5265,361,2214
751,844,1693
4307,541,408
485,1461,3133
2878,1910,401
1181,2273,2697
2508,1344,3350
2358,435,565
1456,1071,2652
3214,2187,3026
4545,2115,986
3211,3503,817
2922,1910,639
1476,278,125
3320,2233,601
5687,1729,948
5121,423,2889
940,1239,1595
2498,266,2811
251,1154,2236
707,2815,3180
5882,160,1209
2843,2388,828
5422,1900,641
4656,3155,2580
5237,412,539
191,1438,2745
703,1866,647
2863,562,1111
512,1987,505
1068,629,3522
4624,1631,1604
1713,2133,751
2086,2626,91
3311,2425,1604
5449,476,3407
564,3446,1596
1407,1782,1476
2351,2836,299
1250,1759,541
3226,1368,3388
2557,1011,1162
3926,476,320
5026,312,486
3216,1237,127
5952,761,2656
5955,255,1687
1966,406,2066
3916,2462,307
5985,1023,1503
2202,795,2507
4984,3652,3297
1237,958,3649
1389,287,2737
5473,3017,249
5145,1307,1486
5810,1601,2735
3748,8,3620
5577,1913,630
1183,3585,1707
1632,3338,734
943,2008,1099
4806,3694,1344
930,1732,726
2046,2990,4
4139,1503,1094
5441,2897,3419
2639,266,1772
3752,115,222
379,1424,1791
1292,2270,2115
3820,1888,2092
1209,1926,1900
895,1019,85
4999,60,3634
5188,1436,3616
1244,2737,1498
2526,3627,3028
5152,1689,1756
1097,2270,1596
4507,3064,1011
1072,1926,694
5816,3068,2973
3554,3415,2211
649,3683,65
4178,2362,2417
1709,1772,170
1120,2462,3667
1233,3317,1832
4712,2815,1111
913,2272,1441
5281,828,2320
1143,507,379
5137,1994,3175
16,2258,2758
2306,1529,3532
40,6,3005
4451,39,1339
3164,1068,3618
2214,1975,3224
5069,2900,2899
3332,842,2938
4856,1068,743
3284,3541,371
4159,241,1553
1987,3023,65
1111,3018,549
139,2088,3365
1472,1784,1509
378,2695,1772
4514,2815,3140
1420,634,337
4871,2242,3373
3765,734,390
324,1926,463
925,1692,3180
4660,3319,2400
5659,1631,2453
3123,1504,3267
2652,60,1006
2758,30,1594
2186,1937,3523
5895,307,1992
3516,1603,1631
165,1308,2862
5682,896,3486
1979,1897,1596
2804,1642,204
2062,2126,199
4927,2986,2993
3104,3502,1782
3905,3486,83
3265,320,1095
3159,740,3537
4045,2410,840
1074,2013,3615
3714,3140,1653
1091,2577,2392
5490,3151,2386
5945,1957,745
386,1810,2538
3334,318,1183
5212,708,1162
5320,2016,1529
316,676,1502
1090,809,538
2788,512,1174
2429,2450,2151
4231,3092,1749
5118,226,685
1285,3118,3143
2545,3689,2690
4312,453,1253
4701,2696,577
1858,320,1707
5127,1750,3172
1913,3285,129
2929,1707,2765
4,3016,1524
2664,523,2288
3271,1326,3428
5582,286,565
2553,223,434
2888,2990,2375
973,1373,745
2424,3600,3408
5581,1175,2717
1573,119,170
837,582,2353
5724,243,1955
4865,3244,3209
1230,1578,3595
4428,2447,3353
1789,3223,775
390,934,1385
366,1900,3112
5722,2353,960
5116,1912,731
5740,3574,3058
4005,21,1326
677,2421,2008
5935,1900,2675
1342,361,2855
1001,1557,634
2357,2538,3706
3445,2372,3012
2920,1253,398
4663,951,1456
3147,845,1604
1203,1693,3028
2194,3675,575
1397,2764,1642
5335,408,3249
1974,188,944
5235,1849,3407
2272,2141,2524
4182,2571,3509
444,3079,226
3671,2819,568
5220,2491,2475
1109,2390,1603
23,1224,1271
1332,3267,241
5455,791,3677
1360,3353,1969
2873,1970,1948
4087,312,959
2105,310,3082
4897,3668,129
1862,541,2432
4976,3127,1837
5514,1438,836
5660,736,1113
28,285,308
1990,154,1438
24,2486,2936
1679,3373,3146
4321,1631,1601
2203,85,1659
504,1833,3028
5971,1998,959
4776,621,2319
611,1050,2386
99,460,1604
3694,2288,948
233,2028,541
1234,3239,2800
1458,1253,3497
5695,2908,3068
3530,1397,494
1161,1934,641
3080,533,2860
2229,2862,370
2836,3216,2306
2061,1849,2359
1668,274,1555
4745,937,829
3640,2138,166
1439,521,2537
5192,370,2734
548,1253,1976
5637,1286,2705
5958,2921,1556
4531,1601,1037
3858,2697,935
2519,1501,2190
4189,170,3635
4374,2664,3321
2659,1529,406
2047,1360,1220
2103,1224,2261
3307,2259,3198
89,1507,192
2463,724,2248
667,2400,1070
234,924,1293
3227,1081,122
2834,2174,3587
1744,3411,3667
3587,2971,1339
145,73,2955
1595,433,2993
5498,3036,3510
2004,2705,1603
1495,1083,3142
1442,3604,2455
2320,3208,3289
4698,1095,2333
330,2022,2855
1231,2590,299
5018,2888,2124
608,375,3573
4066,678,1588
172,406,538
2721,3523,734
959,948,443
4246,2167,109
2823,423,3200
4877,836,615
3734,3151,3118
4173,2261,802
3684,3400,184
2555,1439,8
4813,423,1252
5656,59,517
3218,688,582
3729,2400,1436
4834,1684,266
5310,3155,2330
3644,1704,1224
5222,2761,2697
5831,1733,3209
1905,312,1274
5785,324,192
1045,3172,1564
5796,3288,589
4268,3545,2080
1642,1075,2272
3114,2664,287
2293,1601,2721
3855,876,1002
857,3180,307
6024,3442,1585
4628,512,2647
2712,833,2848
2394,1336,1662
5024,538,2102
1310,3433,327
4786,3523,1190
5342,2422,1702
1771,633,2794
1105,1935,962
5573,406,531
3792,2014,773
4954,2068,2971
5525,1030,841
3962,811,56
2376,3589,2953
768,3068,1190
1365,3154,3373
541,1589,3079
4156,3206,2407
5027,2718,1237
3074,85,890
3007,3079,3292
347,564,85
1080,933,57
2891,2642,302
1482,2705,3443
3087,1734,678
2251,379,398
2728,3480,2393
4584,467,2860
2910,1254,192
5476,1476,988
3279,1614,1251
3996,2850,3681
5800,2572,1715
2445,3631,2133
3118,1603,2682
3201,2380,2190
358,2721,1791
3767,189,707
3574,3652,2950
2987,2501,2712
579,3212,788
4472,2581,1350
3794,1807,1050
5313,1815,1698
2230,2248,1121
1817,564,2723
238,3521,979
12,2985,1996
5567,2050,266
3655,1002,877
2346,2326,3143
5677,2751,2935
4530,933,767
1634,3187,1091
5399,1458,2070
2464,838,2099
1054,773,700
1890,1173,2229
1720,568,2111
1786,1553,403
4212,3365,405
635,1784,3218
5108,3614,2028
4993,1911,50
499,3476,366
1193,2866,2697
3232,1151,3109
2451,3016,1867
1380,1075,161
4585,2273,261
1578,2986,3408
4456,953,2409
1820,3346,2830
5650,875,3682
2676,1329,55
4370,1524,2375
1968,319,2924
4975,2597,2149
2273,757,933
1793,678,532
4429,2364,2718
2396,795,177
2889,3346,2888
3494,1486,3118
4979,3704,851
2314,2772,1825
3353,1692,2353
1698,1271,1438
3173,3693,1969
1077,2609,1079
1719,706,1620
4180,1993,3267
6003,1121,2627
2752,3062,1154
1782,814,1631
4688,127,3010
1531,1969,3200
5456,308,6
2709,1782,305
2122,741,3051
1400,1004,3209
4805,2484,1662
5910,2473,2088
411,643,1611
5168,1397,2066
965,263,2990
1418,3666,2407
1522,1603,1594
1323,814,920
409,1831,1930
670,1441,1003
3809,1946,1704
5057,274,1304
4610,3687,3693
533,161,2448
2812,240,18
4273,625,433
423,647,223
4419,2282,566
2219,1062,2838
2131,3318,3532
1774,2013,2790
4718,3290,1461
4165,641,3349
939,948,1389
1241,3477,3233
308,2580,449
2365,3667,573
333,838,187
2627,1349,2632
4615,1344,1584
5899,2473,1959
1192,3180,3436
3779,3652,3124
5386,2458,538
4460,2793,676
3704,161,1521
3319,2669,1932
3953,2897,87
2912,2396,2141
3330,2138,3609
3886,2964,287
5961,738,3062
2851,8,299
3461,3268,2261
3069,122,1622
1554,145,3541
1598,814,1471
10,727,1993
6033,2789,411
1972,721,1220
4048,3299,814
4910,2936,3687
4777,2058,174
2907,550,3566
5156,1513,2134
850,3198,3224
2857,3020,3350
4971,675,740
5667,876,1661
5641,3304,1560
2900,423,359
4620,2473,1900
3402,2683,634
6040,2133,3519
3026,3435,1380
4717,3547,3373
5947,2697,2911
2527,3048,1380
1711,2196,1692
218,635,1167
5160,413,3117
2011,1502,2898
1101,2106,2597
3596,1986,1601
1208,1130,287
4557,782,2683
834,161,542
1436,3303,1285
5696,2697,2744
2687,2453,1164
2334,2269,2878
4944,1360,1996
1277,2001,2705
3781,1529,3241
5811,349,3198
4534,2766,2935
2475,3398,1040
4706,2757,2332
4853,314,361
773,1,3523
5774,2339,1344
1235,406,817
4260,1695,3025
5315,2783,348
606,3030,3604
5824,682,2406
4340,914,1648
4775,3240,476
3941,3243,1556
3728,2923,500
2423,3175,2880
1941,3689,2660
1210,2401,491
1269,3284,1380
1566,1930,920
2893,2985,2112
2805,1253,1485
982,160,3353
3776,405,1187
3946,1588,1134
5453,2455,2239
3423,1431,2137
3628,428,161
1262,533,3534
4986,406,3636
3697,481,540
5956,1350,3640
2621,673,574
5291,948,2287
5676,209,241
944,2339,735
1224,2632,187
4549,408,1004
2854,149,2936
1755,1825,1529
3730,3652,730
505,2673,2567
4083,1662,2563
5534,320,3439
5704,549,621
1728,2827,2730
3191,2983,1867
2297,2497,3007
3599,1571,601
1959,3329,406
5461,2411,267
4435,2936,222
100,1338,1221
1497,1926,1836
2381,995,2155
683,3435,31
5950,408,859
4237,1529,2407
2139,85,3028
2359,532,223
475,587,249
5379,2073,1071
3621,278,773
1561,575,558
5302,320,2287
4726,3600,623
5569,2270,1833
4670,3621,3143
1267,369,2183
5430,3016,3489
870,1900,337
3393,1810,3432
4499,1652,564
1610,127,3226
5428,2071,2214
3678,671,2194
5395,2241,3238
3709,1524,809
204,2994,449
1969,880,1972
4911,1042,2524
5489,3150,1975
4059,320,244
2384,3418,3409
5091,890,2138
1523,3020,2373
4990,1760,736
2200,2578,3402
5764,164,1087
3895,539,457
1842,2386,2796
208,638,1784
5932,312,261
3491,996,682
3898,682,2401
3606,3197,2507
5557,1461,1778
5545,549,828
5929,127,374
2979,1833,1183
1912,3117,1427
3492,2567,2243
4641,1163,2242
4949,1529,405
185,3271,473
1606,1201,654
5690,1380,2860
3314,826,1351
680,2311,814
1411,3649,3263
4727,1815,2643
2256,2883,1428
868,1888,1527
493,3615,3224
2211,1829,2538
3129,31,1071
574,1662,1529
1715,170,1112
2765,2758,3224
276,3063,1441
2582,363,1162
3354,2330,2507
4412,3003,3145
1423,3006,2048
2175,3547,2980
2052,2990,896
5114,473,1121
399,2390,639
144,2660,3155
1790,3151,2443
3534,1883,2375
5193,988,1357
2388,1546,1825
1266,3297,1230
2502,2908,1802
4751,3314,3571
4482,1484,2669
4735,3292,3289
4843,3200,586
4384,256,337
2532,1444,428
540,1953,2990
2490,2459,1095
4099,473,2077
2031,3062,3507
4644,2855,2431
2637,2525,2675
696,972,2614
3711,1755,1253
2164,3497,42
1799,1618,3216
5614,8,948
3171,2768,2407
2183,1670,2246
4401,3450,1040
1739,1900,3003
4938,3398,1784
3522,184,3282
2590,2730,517
2025,1462,2407
1071,3677,1380
4581,3346,1092
314,3019,2430
2316,2489,1095
462,60,353
1060,60,256
4693,662,1199
1788,1271,2692
112,671,2462
5266,654,473
3110,727,1922
5202,1441,3196
1445,854,313
2377,197,749
4998,68,3419
3215,1529,1703
2680,2535,3072
1073,3007,842
4213,1828,3698
1164,3423,675
2331,3408,1439
3719,305,1898
214,3373,1707
701,700,1772
254,2368,3279
460,353,85
507,577,3009
728,3702,2411
2609,2543,1091
890,189,2445
2831,566,916
3116,1153,179
4463,988,538
2078,838,1887
5070,2940,833
2425,62,2335
3119,428,1230
4168,320,226
985,547,406
4965,405,1267
2129,1473,1431
1915,2861,2828
5046,3301,166
2625,3587,2013
5670,497,2888
3981,1344,3604
1625,2126,2190
3255,986,85
1107,684,854
3430,2909,3316
1724,2836,1385
4311,476,1289
5005,4,56
764,3117,1225
5982,2431,174
5730,980,89
1336,2487,1577
1175,1438,949
1853,814,3010
3979,3064,1360
5173,995,374
20,2664,1230
4571,240,1431
972,3400,580
2197,1053,1431
2647,3235,3544
5142,2090,2384
1388,647,3541
4339,3666,3333
4203,1993,3353
4281,1782,3605
2493,926,1573
3258,2211,1350
1615,244,2735
1180,669,920
5355,2538,3640
1581,1946,1957
1889,1760,2066
993,512,473
4392,1426,2559
5840,647,2429
1362,638,1486
5642,3128,3333
2882,920,1125
3669,2767,3263
1322,1183,1156
4844,359,1338
284,3197,927
22,1857,1734
3082,1807,1272
3031,3573,2407
3838,1707,1354
4567,3239,1831
2180,464,1907
4217,128,3435
1952,638,135
3395,226,3214
2487,2379,3268
2939,406,3009
1975,1603,2632
3245,337,1099
3187,2745,2524
3194,127,3334
171,2896,2329
2686,3523,1589
5788,510,2814
3969,2030,406
4893,3062,1808
5733,2073,3574
1666,1254,1831
51,281,2888
2641,1880,575
4454,3069,3276
5079,1858,2531
1624,1914,3053
3470,2450,638
4111,3408,3533
372,60,1507
2247,1385,789
3717,1329,3224
2617,2234,2518
3425,3511,641
2142,403,3007
282,2630,775
292,2339,2379
6020,3018,565
2745,3651,2261
4157,3587,726
168,3118,2659
3763,1264,50
969,3118,2261
5086,738,3405
900,2520,1065
956,2608,2797
94,237,1698
5144,859,3392
523,1693,2373
1515,3208,1221
3526,676,3555
133,380,3333
141,2060,3118
3840,1329,1326
5308,1692,2248
3312,3567,1550
5258,223,3235
3993,370,2741
3310,789,2038
577,570,874
1399,1121,841
3633,1203,2458
5182,3407,1068
3246,3666,986
21,2304,1167
312,710,1631
1871,2759,3062
3252,2897,408
4060,1883,1
3081,3151,2993
1628,199,2261
3743,1672,226
5550,1550,475
5107,542,782
5848,700,845
1063,2860,1253
2633,3634,723
3374,851,3392
5119,349,2378
41,3218,3467
5801,3587,2800
4566,1585,1693
2961,863,2628
1601,1971,855
5148,2664,2411
4375,3299,221
3658,292,3415
2931,240,279
1036,2453,197
4097,924,2010
2263,1631,449
3222,334,2740
3433,223,266
5986,532,2427
1848,698,1986
989,3492,533
2672,982,1524
5159,2455,926
653,2800,833
65,3112,3604
2915,3137,634
2189,1596,1023
852,2425,274
1197,1235,3677
5554,1828,2462
4261,2730,2455
241,2934,421
3591,3543,3523
1087,1040,2270
3414,1370,2043
5185,845,3678
2552,487,354
4073,538,3449
5736,1707,1156
1196,2013,2554
334,1792,1661
3722,1855,759
2671,2097,3593
3422,1431,2656
5732,284,3072
3785,2936,3028
4266,1329,634
2412,3523,3321
3464,1622,435
3841,841,2771
5331,2712,1336
307,2339,1833
4956,473,2642
5596,3365,1066
4790,1743,564
3952,1883,2076
1122,204,1752
941,50,2260
4958,566,639
1517,408,1487
3817,3238,2862
5199,3163,3598
2491,1071,1326
1359,1071,3237
3668,236,2066
2917,1782,1631
950,1003,3694
4475,918,3394
1906,647,2478
5994,198,697
1772,2170,2109
4022,3135,699
4884,125,600
5651,3118,2558
2844,2697,307
5927,463,3698
3165,2664,3023
807,3256,3163
5491,939,2458
1121,3387,2194
4616,388,3415
4195,3158,3089
1778,3525,2673
4106,127,3354
4722,3575,2502
1868,1957,408
3514,1360,222
2329,2448,301
321,3418,163
5111,1486,2471
116,1339,1126
1099,3444,1338
2786,186,463
1140,2390,2320
4762,2983,1782
535,3145,1519
1315,1304,961
2629,410,3567
2483,1801,1439
3090,115,2656
2488,1287,45
4953,3106,948
320,532,2555
3328,718,3668
5136,2261,3128
5533,2324,2073
3482,3536,1611
2794,274,2661
5611,1553,638
1421,3297,3541
4032,368,2464
1236,1611,1151
4829,3317,1455
2191,3003,1622
1730,1997,44
2457,1201,2836
494,1880,45
5050,3652,1693
1834,1159,3314
1808,3228,3618
3675,641,3631
3925,1015,231
1139,986,3301
135,987,2407
2154,535,538
3100,1961,538
1806,700,3625
3230,2050,782
2830,52,958
819,1373,244
4411,1680,838
4295,2914,299
584,2431,3373
4280,1760,490
2611,1135,1855
4309,2866,1784
914,1594,3489
1847,3151,1631
2754,2073,1486
74,2683,2051
2599,2664,146
5928,541,2440
5919,308,3115
5501,281,3289
3253,3110,1989
2506,506,3485
963,163,192
2111,2993,2889
332,1777,1461
4565,3527,3015
1897,2536,1654
726,40,1611
158,2356,2575
6011,2406,1361
6,1930,2922
4184,2892,1524
2184,2985,2578
1345,3154,3234
2905,18,428
2172,557,1685
717,2263,1397
2143,3072,2626
5390,1431,1344
123,639,1015
4820,2239,2850
2262,3435,1907
3750,977,506
5984,3651,307
5872,1521,2091
563,1040,2705
2848,3527,1685
4360,473,638
5771,1227,814
3404,1486,1553
5858,1380,3235
2583,1253,749
75,3634,1524
1085,609,307
4973,2035,3571
3643,202,222
3248,2554,3062
1199,406,1697
5309,1663,726
3335,312,2225
1844,3123,2432
2684,3346,3584
2561,40,2462
5305,1622,370
2393,2524,549
4233,3595,1649
5517,1811,3103
4270,1994,2531
5949,648,3415
1519,1019,1524
3269,2489,565
5028,3574,549
3842,1653,2813
1516,226,1618
121,988,2163
897,1669,1729
1682,3163,3554
3961,3649,3635
1590,1407,2408
1155,3016,1326
1547,2455,1274
3850,1478,3686
620,2637,3005
6025,3373,44
4867,1354,1153
3061,3604,1066
2127,1807,222
1602,1487,2637
3250,2520,1521
2793,2320,924
4220,2827,156
2835,1239,3523
5279,996,1748
1651,682,1797
4691,2014,1154
3992,1227,1117
1766,2333,3405
1592,2381,2050
998,1775,2626
4952,1930,2029
2443,3618,1155
5841,724,1662
1750,88,1344
3569,1319,3461
3001,1791,3393
2361,2183,1376
5223,2605,1654
1131,3208,1904
2875,3651,3429
4985,2013,1327
1000,1604,1907
4945,1900,3127
2868,3009,60
4602,1275,1703
5259,1775,1431
5383,507,2994
1017,1594,2261
5275,2043,2462
5897,149,2101
4704,1008,3142
3700,782,1310
126,1693,782
1223,1337,1503
1696,2239,2865
889,575,1391
4089,279,2602
5825,533,3675
675,2257,2993
3646,2776,2073
5496,2220,3422
1629,3297,1577
4812,2572,1631
2029,1360,2261
2269,1080,3675
5398,1823,3342
1145,3604,345
3810,1569,634
5120,3320,2572
4642,574,1573
841,638,751
456,2638,3317
3823,2705,859
724,2980,2073
3196,1083,3583
855,1522,2192
29,2882,2456
4857,2338,645
2327,1314,3163
5898,3626,2422
2707,3172,3062
2815,847,320
4680,2827,1121
4743,2827,2218
3322,1502,2379
5860,3128,2653
1484,3542,477
42,18,1738
5663,959,2862
1784,124,888
5761,3522,149
1474,2832,487
3523,2983,2830
1373,2793,633
327,980,710
1804,3130,2241
2399,2986,2935
2064,3150,170
2972,3278,1692
4479,775,2653
2119,3387,249
4120,292,1153
3357,1912,634
3382,192,3492
3025,634,1453
3032,2604,3390
434,76,2905
898,3373,3667
1480,2401,1167
2123,2862,1095
2644,3671,2990
5103,1621,782
4601,1661,3583
4801,412,2261
2993,339,1717
1048,3587,2107
2259,1784,3373
4962,2959,348
5060,1439,3037
2461,127,873
1410,3290,1319
5068,3015,1632
3234,3615,60
4116,3444,1556
2217,2313,1712
4594,1708,3369
572,621,3445
4167,684,418
1957,3117,811
817,2400,532
2587,2211,2458
654,1900,313
5915,855,2192
5977,3604,3615
5174,279,1629
4838,1264,2401
3846,814,3289
5744,60,3604
3657,2862,466
4093,1603,2240
4810,276,18
5087,1252,1324
5495,458,494
167,1879,671
538,1473,2524
5010,240,1775
1753,1669,2446
1787,57,3003
4445,2248,2113
1163,1439,1620
4127,1996,1522
1907,1331,2282
2422,3342,152
337,3544,1616
5100,3091,2673
1307,1720,3544
4426,909,3523
68,3615,406
5112,678,967
4541,1099,1344
1441,3228,1692
2372,1190,3429
3369,2862,2628
1455,3224,3151
3015,575,1898
3296,2282,3419
5053,161,642
5988,630,1652
4630,1432,2357
4520,2524,933
2043,3005,963
3039,2955,977
1559,745,2381
4319,3486,523
3204,1598,197
593,60,3652
342,1,1087
4713,2895,2682
4832,2099,3128
4069,3151,1047
5856,532,2936
5436,2744,408
3379,3015,1832
5662,2248,3476
2821,3187,1002
183,3532,2194
719,951,763
2291,47,2473
4063,1888,1312
1976,2167,371
1587,3582,3419
5200,1266,1323
127,2862,405
4118,752,763
3089,1037,2919
1075,1002,290
2162,161,767
3638,3118,1448
4377,2764,866
95,1385,1066
4756,299,319
4484,244,606
3045,3238,1360
80,1555,2752
1200,2765,485
5507,682,3536
1878,647,2625
3144,119,983
5797,277,2560
3347,223,2814
5209,3284,630
2890,1436,3618
1767,1753,3431
1958,290,2407
2976,1225,3158
2833,1397,50
4552,3367,1444
4770,217,260
1357,2167,558
5515,1692,3145
5718,3118,2817
1170,988,408
4055,1378,1891
3241,1529,1082
549,3695,2578
2864,1312,1486
4666,371,334
3879,2313,2470
1664,3415,3259
4715,769,500
555,2587,800
1295,1484,1827
5333,845,2814
2668,1252,1906
26,1427,279
5543,428,155
5095,127,1652
232,2656,1002
928,836,914
844,3072,1710
4320,2339,2827
2265,3392,1900
2566,2705,1274
5767,2443,927
1146,782,532
5609,292,2926
2084,405,1337
3812,541,3284
708,3249,2889
5446,3253,3297
575,1172,838
3469,3585,1610
2167,2411,1272
4367,2422,3128
4027,2764,3036
3474,1443,2637
4250,467,3544
1693,3651,1439
5014,1926,782
3869,2998,3301
881,3486,3635
853,102,3090
1911,3634,2821
4436,2491,2333
1716,3407,2263
590,312,2836
544,2705,1185
3359,161,1254
3914,2581,170
5002,21,838
1313,1896,2672
5195,733,3200
5245,2697,2604
406,1293,2419
1291,460,1816
5551,456,496
3424,35,1697
5353,1254,1394
5980,1856,1900
4104,308,2211
2925,2432,1782
4672,1868,1703
4299,634,2621
2560,3081,18
3243,2489,647
365,1971,3118
4870,1439,3415
5338,1759,1775
5741,859,1909
169,985,3238
1611,2871,1185
1558,2077,2032
2550,1185,3005
2332,870,2985
1406,198,3062
1304,66,127
2772,1683,638
1702,575,2628
585,814,2697
1908,1698,3305
1836,935,2814
4578,405,630
1690,2246,2005
2146,3379,3112
4000,3195,3467
1147,3118,226
4623,1486,1653
2751,2986,3085
4387,3652,2028
4058,951,2997
4410,3142,3538
2766,2016,963
2380,3163,195
2465,2993,982
5201,2339,481
